Region,Construct,Time,Buffer,CD28.D104/108iso,CD28.D73iso,CD28.W105/110ox,CD28.W155/158ox2,CD28.W47ox,CD3.D185iso,CD3.H31/N32frag,CD3.M155ox,CD3.M4ox,CD3.N207deam,CD3.N32/33/35deam,CD3.N32/33frag,CD3.N33/A34frag,CD3.N35/T36frag,CD3.W168ox,CD38.D54iso,CD38.D62iso,CD38.D90iso,CD38.D91/Y92frag,CD38.M34ox,CD38.M37ox,CD38.M4ox,CD38.N59deam,CD38.N74deam,CD38.W100ox,CD38.W110ox2,CD38.W47/52ox,CD38.W47ox2,DTMLSIR,PENNY,CD28.Binding,CD38.Binding,CD3.Binding,Cnst.N545/558deam,Cnst.M376ox,CD3.M206ox,Cnst.N439deam,Cnst.S310frag,Cnst.H295frag,Cnst.D525iso,Cnst.N282deam,Cnst.D401iso,CD3.N207frag,Cnst.N286deam,Cnst.W285ox,CD3.M123ox,CD28.I34frag,Cnst.A254frag,Cnst.L325frag,Cnst.V252.frag,CD3.W232ox,Cnst.D407iso,Cnst.D404iso,CD38.N31deam,CD38.S52frag
CD28,HHY-FALA,0,A5,0.275107437,0.001289213,0.257263825,0.049813219,0.188574503,NA,NA,NA,NA,NA,NA,NA,NA,NA,NA,NA,NA,NA,NA,NA,NA,NA,NA,NA,NA,NA,NA,NA,NA,NA,916.4,,,NaN,NaN,NaN,NaN,NaN,NaN,NaN,NaN,NaN,NaN,NaN,NaN,NaN,0.483810546,NaN,NaN,NaN,NaN,NaN,NaN,NaN,NaN
CD3,HHY-FALA,0,A5,NA,NA,NA,NA,NA,0.069,0.123,1.6,1.055,0.254,5.492,0.023,0.071,0.384,0.237,NA,NA,NA,NA,NA,NA,NA,NA,NA,NA,NA,NA,NA,NA,NA,,,933,NaN,NaN,0.762882265,NaN,NaN,NaN,NaN,NaN,NaN,1.811515334,NaN,NaN,0.64971032,NaN,NaN,NaN,NaN,NaN,NaN,NaN,NaN,NaN
CD38,HHY-FALA,0,A5,NA,NA,NA,NA,NA,NA,NA,NA,NA,NA,NA,NA,NA,NA,NA,0.213,0.046,NA,0.091,1.921,NA,0.614,NA,0.288,NA,NA,0.417,NA,NA,NA,,910.9,,NaN,NaN,NaN,NaN,NaN,NaN,NaN,NaN,NaN,NaN,NaN,NaN,NaN,NaN,NaN,NaN,NaN,NaN,NaN,NaN,0.495778535,2.729849249
Constant,HHY-FALA,0,A5,NA,NA,NA,NA,NA,NA,NA,NA,NA,NA,NA,NA,NA,NA,NA,NA,NA,NA,NA,NA,NA,NA,NA,NA,NA,NA,NA,NA,NA,NA,NA,,,0.278670894,2.585177516,NaN,0.377086638,0.148938123,0.23959447,0,0.017522178,0,NaN,0,0.115403208,NaN,NaN,0.170449357,1.488923748,4.404063627,1.063319323,0,0,NaN,NaN
CD28,VH1-FALA,0,A5,0.329302187,0,0.151288908,0.127958384,0.266023257,NA,NA,NA,NA,NA,NA,NA,NA,NA,NA,NA,NA,NA,NA,NA,NA,NA,NA,NA,NA,NA,NA,NA,NA,NA,912.2,,,NaN,NaN,NaN,NaN,NaN,NaN,NaN,NaN,NaN,NaN,NaN,NaN,NaN,0.678771269,NaN,NaN,NaN,NaN,NaN,NaN,NaN,NaN
CD3,VH1-FALA,0,A5,NA,NA,NA,NA,NA,0.073,0.042,1.387,1.059,0.149,4.297,0.009,0.089,0.323,0.3,NA,NA,NA,NA,NA,NA,NA,NA,NA,NA,NA,NA,NA,NA,NA,,,903.3,NaN,NaN,0.056395161,NaN,NaN,NaN,NaN,NaN,NaN,2.127822312,NaN,NaN,0.748729246,NaN,NaN,NaN,NaN,NaN,NaN,NaN,NaN,NaN
CD38,VH1-FALA,0,A5,NA,NA,NA,NA,NA,NA,NA,NA,NA,NA,NA,NA,NA,NA,NA,NA,NA,0,NA,1.726,2.009,NA,0.052,NA,0.101,0.317,NA,0.135,NA,NA,,926.8,,NaN,NaN,NaN,NaN,NaN,NaN,NaN,NaN,NaN,NaN,NaN,NaN,NaN,NaN,NaN,NaN,NaN,NaN,NaN,NaN,NaN,NaN
Constant,VH1-FALA,0,A5,NA,NA,NA,NA,NA,NA,NA,NA,NA,NA,NA,NA,NA,NA,NA,NA,NA,NA,NA,NA,NA,NA,NA,NA,NA,NA,NA,NA,2.344,0.823,NA,,,0.409250518,3.349401957,NaN,0.659469198,0.149270848,0.320562885,0,0.078417623,0,NaN,0,1.353602656,NaN,NaN,0.13124522,1.666227516,4.057235429,1.412676511,0,0.111810705,NaN,NaN
CD28,VH1-LALA,0,A5,0.081392959,0,0.211966527,0.129472684,0.356427369,NA,NA,NA,NA,NA,NA,NA,NA,NA,NA,NA,NA,NA,NA,NA,NA,NA,NA,NA,NA,NA,NA,NA,NA,NA,953.6,,,NaN,NaN,NaN,NaN,NaN,NaN,NaN,NaN,NaN,NaN,NaN,NaN,NaN,0.741592215,NaN,NaN,NaN,NaN,NaN,NaN,NaN,NaN
CD3,VH1-LALA,0,A5,NA,NA,NA,NA,NA,0.092,0.081,1.495,1.169,0.156,3.767,0.01,0.077,0.369,0.297,NA,NA,NA,NA,NA,NA,NA,NA,NA,NA,NA,NA,NA,NA,NA,,,939.5,NaN,NaN,0.591591583,NaN,NaN,NaN,NaN,NaN,NaN,2.53600246,NaN,NaN,0.573548516,NaN,NaN,NaN,NaN,NaN,NaN,NaN,NaN,NaN
CD38,VH1-LALA,0,A5,NA,NA,NA,NA,NA,NA,NA,NA,NA,NA,NA,NA,NA,NA,NA,NA,NA,0,NA,1.22,1.736,NA,0.053,NA,0.143,0.126,NA,0.114,NA,NA,,957.4,,NaN,NaN,NaN,NaN,NaN,NaN,NaN,NaN,NaN,NaN,NaN,NaN,NaN,NaN,NaN,NaN,NaN,NaN,NaN,NaN,NaN,NaN
Constant,VH1-LALA,0,A5,NA,NA,NA,NA,NA,NA,NA,NA,NA,NA,NA,NA,NA,NA,NA,NA,NA,NA,NA,NA,NA,NA,NA,NA,NA,NA,NA,NA,2.909,1.495,NA,,,1.554838507,2.775047875,NaN,0.416521886,2.747630053,0.925206361,0,0.056112481,0,NaN,0,0,NaN,NaN,0.136984194,1.663121372,3.945359023,1.994492351,0.245160526,0,NaN,NaN
CD28,VH1-NNSA,0,A5,0.084362957,0,0.132188897,0.042373981,0.163639065,NA,NA,NA,NA,NA,NA,NA,NA,NA,NA,NA,NA,NA,NA,NA,NA,NA,NA,NA,NA,NA,NA,NA,NA,NA,884.5,,,NaN,NaN,NaN,NaN,NaN,NaN,NaN,NaN,NaN,NaN,NaN,NaN,NaN,0.789975035,NaN,NaN,NaN,NaN,NaN,NaN,NaN,NaN
CD3,VH1-NNSA,0,A5,NA,NA,NA,NA,NA,0.061,0.1,0.898,1.081,0.151,3.77,0.018,0.037,0.18,0.214,NA,NA,NA,NA,NA,NA,NA,NA,NA,NA,NA,NA,NA,NA,NA,,,868,NaN,NaN,0.834721371,NaN,NaN,NaN,NaN,NaN,NaN,1.247004551,NaN,NaN,0.704479014,NaN,NaN,NaN,NaN,NaN,NaN,NaN,NaN,NaN
CD38,VH1-NNSA,0,A5,NA,NA,NA,NA,NA,NA,NA,NA,NA,NA,NA,NA,NA,NA,NA,NA,NA,0,NA,0.725,1.25,NA,0.04,NA,0.1,0.084,NA,0.062,NA,NA,,890,,NaN,NaN,NaN,NaN,NaN,NaN,NaN,NaN,NaN,NaN,NaN,NaN,NaN,NaN,NaN,NaN,NaN,NaN,NaN,NaN,NaN,NaN
Constant,VH1-NNSA,0,A5,NA,NA,NA,NA,NA,NA,NA,NA,NA,NA,NA,NA,NA,NA,NA,NA,NA,NA,NA,NA,NA,NA,NA,NA,NA,NA,NA,NA,2.495,1.209,NA,,,0.547507437,2.253411248,NaN,0.440221358,3.087591401,1.129643324,0,0.052272491,0,NaN,0,0,NaN,NaN,0.146839874,1.51272295,3.437110777,1.529945462,0.447022232,0,NaN,NaN
CD28,HHY-FALA,1,A5,0.390560143,0.002130906,0.341143018,0.037583816,0.258577597,NA,NA,NA,NA,NA,NA,NA,NA,NA,NA,NA,NA,NA,NA,NA,NA,NA,NA,NA,NA,NA,NA,NA,NA,NA,978.4,,,NaN,NaN,NaN,NaN,NaN,NaN,NaN,NaN,NaN,NaN,NaN,NaN,NaN,0.719614431,NaN,NaN,NaN,NaN,NaN,NaN,NaN,NaN
CD3,HHY-FALA,1,A5,NA,NA,NA,NA,NA,0.074,0.065,1.461,1.122,0.226,8.457,0.016,0.064,0.245,0.234,NA,NA,NA,NA,NA,NA,NA,NA,NA,NA,NA,NA,NA,NA,NA,,,986.6,NaN,NaN,0.819464923,NaN,NaN,NaN,NaN,NaN,NaN,1.742255057,NaN,NaN,0.664608506,NaN,NaN,NaN,NaN,NaN,NaN,NaN,NaN,NaN
CD38,HHY-FALA,1,A5,NA,NA,NA,NA,NA,NA,NA,NA,NA,NA,NA,NA,NA,NA,NA,0.741,0.082,NA,0.206,1.404,NA,0.638,NA,0.336,NA,NA,0.351,NA,NA,NA,,976.4,,NaN,NaN,NaN,NaN,NaN,NaN,NaN,NaN,NaN,NaN,NaN,NaN,NaN,NaN,NaN,NaN,NaN,NaN,NaN,NaN,0.405860792,1.571473054
Constant,HHY-FALA,1,A5,NA,NA,NA,NA,NA,NA,NA,NA,NA,NA,NA,NA,NA,NA,NA,NA,NA,NA,NA,NA,NA,NA,NA,NA,NA,NA,NA,NA,NA,NA,NA,,,0.803032939,3.404636466,NaN,0.324962903,0.183736212,0.283574462,0,0,0,NaN,0,0.124605485,NaN,NaN,0.11031549,1.324798117,4.423653311,1.46604171,0,0,NaN,NaN
CD28,VH1-FALA,1,A5,0.378070266,0,0.288786804,0.127223069,0.306852643,NA,NA,NA,NA,NA,NA,NA,NA,NA,NA,NA,NA,NA,NA,NA,NA,NA,NA,NA,NA,NA,NA,NA,NA,NA,853.6,,,NaN,NaN,NaN,NaN,NaN,NaN,NaN,NaN,NaN,NaN,NaN,NaN,NaN,0.737861471,NaN,NaN,NaN,NaN,NaN,NaN,NaN,NaN
CD3,VH1-FALA,1,A5,NA,NA,NA,NA,NA,0.066,0.064,1.207,1.264,0.201,8.234,0.022,0.074,0.375,0.288,NA,NA,NA,NA,NA,NA,NA,NA,NA,NA,NA,NA,NA,NA,NA,,,864.7,NaN,NaN,0.063850836,NaN,NaN,NaN,NaN,NaN,NaN,2.287106719,NaN,NaN,1.288957913,NaN,NaN,NaN,NaN,NaN,NaN,NaN,NaN,NaN
CD38,VH1-FALA,1,A5,NA,NA,NA,NA,NA,NA,NA,NA,NA,NA,NA,NA,NA,NA,NA,NA,NA,0,NA,1.582,1.966,NA,0.087,NA,0.17,0.234,NA,0.125,NA,NA,,910.3,,NaN,NaN,NaN,NaN,NaN,NaN,NaN,NaN,NaN,NaN,NaN,NaN,NaN,NaN,NaN,NaN,NaN,NaN,NaN,NaN,NaN,NaN
Constant,VH1-FALA,1,A5,NA,NA,NA,NA,NA,NA,NA,NA,NA,NA,NA,NA,NA,NA,NA,NA,NA,NA,NA,NA,NA,NA,NA,NA,NA,NA,NA,NA,3.151,0.241,NA,,,0.570339652,3.738382672,NaN,0.648647091,0.153796329,0.027136436,0,0.158087606,0,NaN,0,1.78188477,NaN,NaN,0.143426662,1.633837101,4.009412135,1.431454166,0,0.353308644,NaN,NaN
CD28,VH1-LALA,1,A5,0.124184065,0.00063819,0.37273961,0.069732294,0.423272634,NA,NA,NA,NA,NA,NA,NA,NA,NA,NA,NA,NA,NA,NA,NA,NA,NA,NA,NA,NA,NA,NA,NA,NA,NA,849.6,,,NaN,NaN,NaN,NaN,NaN,NaN,NaN,NaN,NaN,NaN,NaN,NaN,NaN,0.690549708,NaN,NaN,NaN,NaN,NaN,NaN,NaN,NaN
CD3,VH1-LALA,1,A5,NA,NA,NA,NA,NA,0.095,0.087,1.241,1.161,0.162,7.388,0.014,0.091,0.39,0.224,NA,NA,NA,NA,NA,NA,NA,NA,NA,NA,NA,NA,NA,NA,NA,,,818.9,NaN,NaN,0.812040004,NaN,NaN,NaN,NaN,NaN,NaN,1.39445624,NaN,NaN,0.776786389,NaN,NaN,NaN,NaN,NaN,NaN,NaN,NaN,NaN
CD38,VH1-LALA,1,A5,NA,NA,NA,NA,NA,NA,NA,NA,NA,NA,NA,NA,NA,NA,NA,NA,NA,0,NA,1.041,1.545,NA,0.044,NA,0.155,0.097,NA,0.131,NA,NA,,860.2,,NaN,NaN,NaN,NaN,NaN,NaN,NaN,NaN,NaN,NaN,NaN,NaN,NaN,NaN,NaN,NaN,NaN,NaN,NaN,NaN,NaN,NaN
Constant,VH1-LALA,1,A5,NA,NA,NA,NA,NA,NA,NA,NA,NA,NA,NA,NA,NA,NA,NA,NA,NA,NA,NA,NA,NA,NA,NA,NA,NA,NA,NA,NA,3.479,1.841,NA,,,1.642571135,3.68397443,NaN,0.300480653,1.484610554,0.584622273,0,0.119940593,0,NaN,0,0,NaN,NaN,0.13240148,0.830167465,2.292950261,1.632920703,0.664175062,0,NaN,NaN
CD28,VH1-NNSA,1,A5,0.128517217,0,0.171136266,0.059278582,0.161735324,NA,NA,NA,NA,NA,NA,NA,NA,NA,NA,NA,NA,NA,NA,NA,NA,NA,NA,NA,NA,NA,NA,NA,NA,NA,866.6,,,NaN,NaN,NaN,NaN,NaN,NaN,NaN,NaN,NaN,NaN,NaN,NaN,NaN,0.47828207,NaN,NaN,NaN,NaN,NaN,NaN,NaN,NaN
CD3,VH1-NNSA,1,A5,NA,NA,NA,NA,NA,0.087,0.086,1.355,1.138,0.194,7.656,0.04,0.099,0.355,0.26,NA,NA,NA,NA,NA,NA,NA,NA,NA,NA,NA,NA,NA,NA,NA,,,820.9,NaN,NaN,1.061771971,NaN,NaN,NaN,NaN,NaN,NaN,1.77243385,NaN,NaN,0.858454623,NaN,NaN,NaN,NaN,NaN,NaN,NaN,NaN,NaN
CD38,VH1-NNSA,1,A5,NA,NA,NA,NA,NA,NA,NA,NA,NA,NA,NA,NA,NA,NA,NA,NA,NA,0,NA,1.041,1.858,NA,0.033,NA,0.126,0.053,NA,0.061,NA,NA,,885.8,,NaN,NaN,NaN,NaN,NaN,NaN,NaN,NaN,NaN,NaN,NaN,NaN,NaN,NaN,NaN,NaN,NaN,NaN,NaN,NaN,NaN,NaN
Constant,VH1-NNSA,1,A5,NA,NA,NA,NA,NA,NA,NA,NA,NA,NA,NA,NA,NA,NA,NA,NA,NA,NA,NA,NA,NA,NA,NA,NA,NA,NA,NA,NA,3.146,1.367,NA,,,0.777808438,2.943360879,NaN,0.487077628,3.062787334,1.129378216,0,0.103108577,0,NaN,0,0,NaN,NaN,0.136947436,1.474331304,4.635161377,1.293215365,0.795888198,0,NaN,NaN
CD28,HHY-FALA,2,A5,0.482787985,0.000896238,0.403181042,0.049010447,0.237138412,NA,NA,NA,NA,NA,NA,NA,NA,NA,NA,NA,NA,NA,NA,NA,NA,NA,NA,NA,NA,NA,NA,NA,NA,NA,894.4,,,NaN,NaN,NaN,NaN,NaN,NaN,NaN,NaN,NaN,NaN,NaN,NaN,NaN,0.679177419,NaN,NaN,NaN,NaN,NaN,NaN,NaN,NaN
CD3,HHY-FALA,2,A5,NA,NA,NA,NA,NA,0.091,0.109,1.668,1.226,0.263,13.891,0.027,0.102,0.336,0.221,NA,NA,NA,NA,NA,NA,NA,NA,NA,NA,NA,NA,NA,NA,NA,,,892.3,NaN,NaN,0.761673384,NaN,NaN,NaN,NaN,NaN,NaN,1.729966319,NaN,NaN,0.665693503,NaN,NaN,NaN,NaN,NaN,NaN,NaN,NaN,NaN
CD38,HHY-FALA,2,A5,NA,NA,NA,NA,NA,NA,NA,NA,NA,NA,NA,NA,NA,NA,NA,1.484,0.093,NA,0.485,1.486,NA,0.671,NA,0.225,NA,NA,0.387,NA,NA,NA,,870.9,,NaN,NaN,NaN,NaN,NaN,NaN,NaN,NaN,NaN,NaN,NaN,NaN,NaN,NaN,NaN,NaN,NaN,NaN,NaN,NaN,0.425122012,2.074954202
Constant,HHY-FALA,2,A5,NA,NA,NA,NA,NA,NA,NA,NA,NA,NA,NA,NA,NA,NA,NA,NA,NA,NA,NA,NA,NA,NA,NA,NA,NA,NA,NA,NA,NA,NA,NA,,,1.051047167,3.800213917,NaN,0.353185557,0.185398115,0.296440923,0,0,0,NaN,0,0.105752259,NaN,NaN,0.148669079,1.236597148,4.103195483,1.391564117,0,0,NaN,NaN
CD28,VH1-FALA,2,A5,0.421249723,0.013084487,0.267280931,0.069997616,0.223224869,NA,NA,NA,NA,NA,NA,NA,NA,NA,NA,NA,NA,NA,NA,NA,NA,NA,NA,NA,NA,NA,NA,NA,NA,NA,795.5,,,NaN,NaN,NaN,NaN,NaN,NaN,NaN,NaN,NaN,NaN,NaN,NaN,NaN,0.693701399,NaN,NaN,NaN,NaN,NaN,NaN,NaN,NaN
CD3,VH1-FALA,2,A5,NA,NA,NA,NA,NA,0.094,0.064,1.163,1.011,0.184,12.355,0.032,0.208,0.374,0.228,NA,NA,NA,NA,NA,NA,NA,NA,NA,NA,NA,NA,NA,NA,NA,,,752.8,NaN,NaN,0.06579403,NaN,NaN,NaN,NaN,NaN,NaN,2.121777887,NaN,NaN,1.160691954,NaN,NaN,NaN,NaN,NaN,NaN,NaN,NaN,NaN
CD38,VH1-FALA,2,A5,NA,NA,NA,NA,NA,NA,NA,NA,NA,NA,NA,NA,NA,NA,NA,NA,NA,0,NA,1.41,1.49,NA,0.085,NA,0.192,0.153,NA,0.125,NA,NA,,807.7,,NaN,NaN,NaN,NaN,NaN,NaN,NaN,NaN,NaN,NaN,NaN,NaN,NaN,NaN,NaN,NaN,NaN,NaN,NaN,NaN,NaN,NaN
Constant,VH1-FALA,2,A5,NA,NA,NA,NA,NA,NA,NA,NA,NA,NA,NA,NA,NA,NA,NA,NA,NA,NA,NA,NA,NA,NA,NA,NA,NA,NA,NA,NA,3.289,0.537,NA,,,0.712144906,4.143569914,NaN,0.721287701,0.165751176,0.271898066,0,0.222359872,0,NaN,0,2.01227669,NaN,NaN,0.128142564,1.554150089,3.692346227,1.206294054,0,0.578373885,NaN,NaN
CD28,VH1-LALA,2,A5,0.169312789,0.019591471,0.443791423,0.111923815,0.442818882,NA,NA,NA,NA,NA,NA,NA,NA,NA,NA,NA,NA,NA,NA,NA,NA,NA,NA,NA,NA,NA,NA,NA,NA,NA,911.2,,,NaN,NaN,NaN,NaN,NaN,NaN,NaN,NaN,NaN,NaN,NaN,NaN,NaN,0.670168901,NaN,NaN,NaN,NaN,NaN,NaN,NaN,NaN
CD3,VH1-LALA,2,A5,NA,NA,NA,NA,NA,0.102,0.092,1.441,1.187,0.15,10.976,0.027,0.109,0.353,0.244,NA,NA,NA,NA,NA,NA,NA,NA,NA,NA,NA,NA,NA,NA,NA,,,855.1,NaN,NaN,0.771130904,NaN,NaN,NaN,NaN,NaN,NaN,1.77534843,NaN,NaN,0.73029565,NaN,NaN,NaN,NaN,NaN,NaN,NaN,NaN,NaN
CD38,VH1-LALA,2,A5,NA,NA,NA,NA,NA,NA,NA,NA,NA,NA,NA,NA,NA,NA,NA,NA,NA,0,NA,1.152,1.512,NA,0.044,NA,0.125,0.188,NA,0.076,NA,NA,,929.2,,NaN,NaN,NaN,NaN,NaN,NaN,NaN,NaN,NaN,NaN,NaN,NaN,NaN,NaN,NaN,NaN,NaN,NaN,NaN,NaN,NaN,NaN
Constant,VH1-LALA,2,A5,NA,NA,NA,NA,NA,NA,NA,NA,NA,NA,NA,NA,NA,NA,NA,NA,NA,NA,NA,NA,NA,NA,NA,NA,NA,NA,NA,NA,3.799,1.872,NA,,,1.615755291,4.032770914,NaN,0.438327358,1.92024644,0.652204594,0,0.212030463,0,NaN,0,0,NaN,NaN,0.131744515,1.031849057,2.777839535,1.451514334,0.711700825,0,NaN,NaN
CD28,VH1-NNSA,2,A5,0.145943466,0.001067575,0.209927156,0.024710419,0.228497276,NA,NA,NA,NA,NA,NA,NA,NA,NA,NA,NA,NA,NA,NA,NA,NA,NA,NA,NA,NA,NA,NA,NA,NA,NA,889.5,,,NaN,NaN,NaN,NaN,NaN,NaN,NaN,NaN,NaN,NaN,NaN,NaN,NaN,0.606619415,NaN,NaN,NaN,NaN,NaN,NaN,NaN,NaN
CD3,VH1-NNSA,2,A5,NA,NA,NA,NA,NA,0.079,0.117,1.4,1.266,0.163,11.791,0.055,0.245,0.347,0.276,NA,NA,NA,NA,NA,NA,NA,NA,NA,NA,NA,NA,NA,NA,NA,,,809.6,NaN,NaN,1.150641051,NaN,NaN,NaN,NaN,NaN,NaN,1.63612228,NaN,NaN,0.68864199,NaN,NaN,NaN,NaN,NaN,NaN,NaN,NaN,NaN
CD38,VH1-NNSA,2,A5,NA,NA,NA,NA,NA,NA,NA,NA,NA,NA,NA,NA,NA,NA,NA,NA,NA,0,NA,1.126,1.857,NA,0.032,NA,0.124,0.09,NA,0.093,NA,NA,,911.2,,NaN,NaN,NaN,NaN,NaN,NaN,NaN,NaN,NaN,NaN,NaN,NaN,NaN,NaN,NaN,NaN,NaN,NaN,NaN,NaN,NaN,NaN
Constant,VH1-NNSA,2,A5,NA,NA,NA,NA,NA,NA,NA,NA,NA,NA,NA,NA,NA,NA,NA,NA,NA,NA,NA,NA,NA,NA,NA,NA,NA,NA,NA,NA,3.676,1.421,NA,,,1.061062158,3.310844501,NaN,0.492075181,3.040498925,1.137193136,0,0.178276147,0,NaN,0,0,NaN,NaN,0.141324813,1.352824282,4.470895229,1.564234602,1.192684304,0,NaN,NaN
CD28,HHY-FALA,3,A5,0.592132508,0.00562289,0.52274757,0.045632734,0.316059637,NA,NA,NA,NA,NA,NA,NA,NA,NA,NA,NA,NA,NA,NA,NA,NA,NA,NA,NA,NA,NA,NA,NA,NA,NA,811.1,,,NaN,NaN,NaN,NaN,NaN,NaN,NaN,NaN,NaN,NaN,NaN,NaN,NaN,0.671816099,NaN,NaN,NaN,NaN,NaN,NaN,NaN,NaN
CD3,HHY-FALA,3,A5,NA,NA,NA,NA,NA,0.093,0.12,1.501,1.398,0.295,17.813,0.06,0.117,0.376,0.259,NA,NA,NA,NA,NA,NA,NA,NA,NA,NA,NA,NA,NA,NA,NA,,,780.5,NaN,NaN,0.82323796,NaN,NaN,NaN,NaN,NaN,NaN,1.665941898,NaN,NaN,0.567821998,NaN,NaN,NaN,NaN,NaN,NaN,NaN,NaN,NaN
CD38,HHY-FALA,3,A5,NA,NA,NA,NA,NA,NA,NA,NA,NA,NA,NA,NA,NA,NA,NA,2.201,0.103,NA,0.307,1.791,NA,0.696,NA,0.195,NA,NA,0.419,NA,NA,NA,,804,,NaN,NaN,NaN,NaN,NaN,NaN,NaN,NaN,NaN,NaN,NaN,NaN,NaN,NaN,NaN,NaN,NaN,NaN,NaN,NaN,0.61745651,2.064682169
Constant,HHY-FALA,3,A5,NA,NA,NA,NA,NA,NA,NA,NA,NA,NA,NA,NA,NA,NA,NA,NA,NA,NA,NA,NA,NA,NA,NA,NA,NA,NA,NA,NA,NA,NA,NA,,,1.115042505,4.437794593,NaN,0.38150746,0.178524821,0.265837518,0,0,0,NaN,0,0.09858618,NaN,NaN,0.128783292,1.272871026,4.143531851,0.825177388,0,0,NaN,NaN
CD28,VH1-FALA,3,A5,0.516784727,0.002248181,0.322153506,0.101715859,0.362266017,NA,NA,NA,NA,NA,NA,NA,NA,NA,NA,NA,NA,NA,NA,NA,NA,NA,NA,NA,NA,NA,NA,NA,NA,NA,860,,,NaN,NaN,NaN,NaN,NaN,NaN,NaN,NaN,NaN,NaN,NaN,NaN,NaN,0.577892005,NaN,NaN,NaN,NaN,NaN,NaN,NaN,NaN
CD3,VH1-FALA,3,A5,NA,NA,NA,NA,NA,0.118,0.067,1.379,1.187,0.201,16.685,0.043,0.209,0.365,0.357,NA,NA,NA,NA,NA,NA,NA,NA,NA,NA,NA,NA,NA,NA,NA,,,781.6,NaN,NaN,0.074460808,NaN,NaN,NaN,NaN,NaN,NaN,1.7923155,NaN,NaN,0.835946797,NaN,NaN,NaN,NaN,NaN,NaN,NaN,NaN,NaN
CD38,VH1-FALA,3,A5,NA,NA,NA,NA,NA,NA,NA,NA,NA,NA,NA,NA,NA,NA,NA,NA,NA,0,NA,1.814,1.978,NA,0.024,NA,0.177,0.185,NA,0.167,NA,NA,,874.3,,NaN,NaN,NaN,NaN,NaN,NaN,NaN,NaN,NaN,NaN,NaN,NaN,NaN,NaN,NaN,NaN,NaN,NaN,NaN,NaN,NaN,NaN
Constant,VH1-FALA,3,A5,NA,NA,NA,NA,NA,NA,NA,NA,NA,NA,NA,NA,NA,NA,NA,NA,NA,NA,NA,NA,NA,NA,NA,NA,NA,NA,NA,NA,3.914,1.334,NA,,,0.823738635,4.412788313,NaN,0.905000751,0.162981705,0.029936019,0,0.294146536,0,NaN,0,1.428587603,NaN,NaN,0.108423425,1.369255067,3.17076343,1.174488341,0,0.818525402,NaN,NaN
CD28,VH1-LALA,3,A5,0.225285189,0.001217319,0.541284027,0.082007338,0.543017924,NA,NA,NA,NA,NA,NA,NA,NA,NA,NA,NA,NA,NA,NA,NA,NA,NA,NA,NA,NA,NA,NA,NA,NA,NA,832,,,NaN,NaN,NaN,NaN,NaN,NaN,NaN,NaN,NaN,NaN,NaN,NaN,NaN,0.650786239,NaN,NaN,NaN,NaN,NaN,NaN,NaN,NaN
CD3,VH1-LALA,3,A5,NA,NA,NA,NA,NA,0.136,0.123,1.459,1.262,0.229,16.217,0.045,0.193,0.397,0.291,NA,NA,NA,NA,NA,NA,NA,NA,NA,NA,NA,NA,NA,NA,NA,,,758.8,NaN,NaN,0.81534157,NaN,NaN,NaN,NaN,NaN,NaN,2.015671566,NaN,NaN,0.783937347,NaN,NaN,NaN,NaN,NaN,NaN,NaN,NaN,NaN
CD38,VH1-LALA,3,A5,NA,NA,NA,NA,NA,NA,NA,NA,NA,NA,NA,NA,NA,NA,NA,NA,NA,0,NA,1.103,1.547,NA,0.035,NA,0.129,0.108,NA,0.084,NA,NA,,856.4,,NaN,NaN,NaN,NaN,NaN,NaN,NaN,NaN,NaN,NaN,NaN,NaN,NaN,NaN,NaN,NaN,NaN,NaN,NaN,NaN,NaN,NaN
Constant,VH1-LALA,3,A5,NA,NA,NA,NA,NA,NA,NA,NA,NA,NA,NA,NA,NA,NA,NA,NA,NA,NA,NA,NA,NA,NA,NA,NA,NA,NA,NA,NA,4.02,2.192,NA,,,2.218230029,4.313627278,NaN,0.693712715,2.292089655,0.802642838,0,0.380629319,0,NaN,0,0,NaN,NaN,0.127503004,1.247626463,3.024061545,1.51818202,0.952572079,0,NaN,NaN
CD28,VH1-NNSA,3,A5,0.148460404,0.00049611,0.225401687,0.023981429,0.19468474,NA,NA,NA,NA,NA,NA,NA,NA,NA,NA,NA,NA,NA,NA,NA,NA,NA,NA,NA,NA,NA,NA,NA,NA,NA,892,,,NaN,NaN,NaN,NaN,NaN,NaN,NaN,NaN,NaN,NaN,NaN,NaN,NaN,0.61889798,NaN,NaN,NaN,NaN,NaN,NaN,NaN,NaN
CD3,VH1-NNSA,3,A5,NA,NA,NA,NA,NA,0.132,0.084,1.351,1.418,0.171,14.932,0.058,0.118,0.369,0.236,NA,NA,NA,NA,NA,NA,NA,NA,NA,NA,NA,NA,NA,NA,NA,,,789.5,NaN,NaN,0.853415611,NaN,NaN,NaN,NaN,NaN,NaN,1.562077524,NaN,NaN,0.722508362,NaN,NaN,NaN,NaN,NaN,NaN,NaN,NaN,NaN
CD38,VH1-NNSA,3,A5,NA,NA,NA,NA,NA,NA,NA,NA,NA,NA,NA,NA,NA,NA,NA,NA,NA,0.004,NA,0.954,1.567,NA,0.037,NA,0.111,0.145,NA,0.082,NA,NA,,958.4,,NaN,NaN,NaN,NaN,NaN,NaN,NaN,NaN,NaN,NaN,NaN,NaN,NaN,NaN,NaN,NaN,NaN,NaN,NaN,NaN,NaN,NaN
Constant,VH1-NNSA,3,A5,NA,NA,NA,NA,NA,NA,NA,NA,NA,NA,NA,NA,NA,NA,NA,NA,NA,NA,NA,NA,NA,NA,NA,NA,NA,NA,NA,NA,4.488,1.562,NA,,,1.226588695,3.924736894,NaN,0.505411514,2.807270126,1.048553539,0,0.236223833,0,NaN,0,0,NaN,NaN,0.135659568,1.325401039,4.361578096,1.720280501,1.051253474,0,NaN,NaN
CD28,HHY-FALA,0,HSP6,0.258088228,0.000929905,0.365621906,0.037427234,0.146598653,NA,NA,NA,NA,NA,NA,NA,NA,NA,NA,NA,NA,NA,NA,NA,NA,NA,NA,NA,NA,NA,NA,NA,NA,NA,691.9,,,NaN,NaN,NaN,NaN,NaN,NaN,NaN,NaN,NaN,NaN,NaN,NaN,NaN,0.498318386,NaN,NaN,NaN,NaN,NaN,NaN,NaN,NaN
CD3,HHY-FALA,0,HSP6,NA,NA,NA,NA,NA,0.067,0.11,0.729,0.852,0.251,6.021,0.018,0.074,0.365,0.135,NA,NA,NA,NA,NA,NA,NA,NA,NA,NA,NA,NA,NA,NA,NA,,,851.8,NaN,NaN,0.567456343,NaN,NaN,NaN,NaN,NaN,NaN,1.773658937,NaN,NaN,0.51288039,NaN,NaN,NaN,NaN,NaN,NaN,NaN,NaN,NaN
CD38,HHY-FALA,0,HSP6,NA,NA,NA,NA,NA,NA,NA,NA,NA,NA,NA,NA,NA,NA,NA,0.192,0.107,NA,0.054,0.641,NA,0.441,NA,0.112,NA,NA,0.244,NA,NA,NA,,1016,,NaN,NaN,NaN,NaN,NaN,NaN,NaN,NaN,NaN,NaN,NaN,NaN,NaN,NaN,NaN,NaN,NaN,NaN,NaN,NaN,0.579656042,2.023920767
Constant,HHY-FALA,0,HSP6,NA,NA,NA,NA,NA,NA,NA,NA,NA,NA,NA,NA,NA,NA,NA,NA,NA,NA,NA,NA,NA,NA,NA,NA,NA,NA,NA,NA,NA,NA,NA,,,0.342903121,2.639307953,NaN,0.282543885,0.178689398,0.295630504,0,0.046519542,0,NaN,0.002375879,0.066001374,NaN,NaN,0.125915931,1.217798011,4.124908342,1.027027861,0,0,NaN,NaN
CD28,VH1-FALA,0,HSP6,0.262976876,0,0.190820327,0.109374057,0.130550264,NA,NA,NA,NA,NA,NA,NA,NA,NA,NA,NA,NA,NA,NA,NA,NA,NA,NA,NA,NA,NA,NA,NA,NA,NA,696.5,,,NaN,NaN,NaN,NaN,NaN,NaN,NaN,NaN,NaN,NaN,NaN,NaN,NaN,0.552821397,NaN,NaN,NaN,NaN,NaN,NaN,NaN,NaN
CD3,VH1-FALA,0,HSP6,NA,NA,NA,NA,NA,0.07,0.075,0.963,0.792,0.202,4.789,0.016,0.118,0.386,0.183,NA,NA,NA,NA,NA,NA,NA,NA,NA,NA,NA,NA,NA,NA,NA,,,874.9,NaN,NaN,0.05378348,NaN,NaN,NaN,NaN,NaN,NaN,2.322150041,NaN,NaN,0.632483336,NaN,NaN,NaN,NaN,NaN,NaN,NaN,NaN,NaN
CD38,VH1-FALA,0,HSP6,NA,NA,NA,NA,NA,NA,NA,NA,NA,NA,NA,NA,NA,NA,NA,NA,NA,0,NA,1.032,1.021,NA,0.052,NA,0.141,0.038,NA,0.07,NA,NA,,983.7,,NaN,NaN,NaN,NaN,NaN,NaN,NaN,NaN,NaN,NaN,NaN,NaN,NaN,NaN,NaN,NaN,NaN,NaN,NaN,NaN,NaN,NaN
Constant,VH1-FALA,0,HSP6,NA,NA,NA,NA,NA,NA,NA,NA,NA,NA,NA,NA,NA,NA,NA,NA,NA,NA,NA,NA,NA,NA,NA,NA,NA,NA,NA,NA,2.639,0.719,NA,,,0.328477633,3.305447918,NaN,0.619503633,0.172814569,0.359826846,0.055807177,0.074760284,0,NaN,0,1.304172146,NaN,NaN,0.120715134,1.590588555,3.579757156,1.32146525,0,0.10879434,NaN,NaN
CD28,VH1-LALA,0,HSP6,0.082716162,0.006716332,0.253808168,0.077095601,0.170434104,NA,NA,NA,NA,NA,NA,NA,NA,NA,NA,NA,NA,NA,NA,NA,NA,NA,NA,NA,NA,NA,NA,NA,NA,NA,790.8,,,NaN,NaN,NaN,NaN,NaN,NaN,NaN,NaN,NaN,NaN,NaN,NaN,NaN,0.511992292,NaN,NaN,NaN,NaN,NaN,NaN,NaN,NaN
CD3,VH1-LALA,0,HSP6,NA,NA,NA,NA,NA,0.081,0.099,0.78,0.684,0.149,4.274,0.014,0.116,0.341,0.136,NA,NA,NA,NA,NA,NA,NA,NA,NA,NA,NA,NA,NA,NA,NA,,,885.8,NaN,NaN,0.590880893,NaN,NaN,NaN,NaN,NaN,NaN,2.087644247,NaN,NaN,0.637581909,NaN,NaN,NaN,NaN,NaN,NaN,NaN,NaN,NaN
CD38,VH1-LALA,0,HSP6,NA,NA,NA,NA,NA,NA,NA,NA,NA,NA,NA,NA,NA,NA,NA,NA,NA,0,NA,0.676,1.019,NA,0.023,NA,0.114,0.099,NA,0.061,NA,NA,,978.8,,NaN,NaN,NaN,NaN,NaN,NaN,NaN,NaN,NaN,NaN,NaN,NaN,NaN,NaN,NaN,NaN,NaN,NaN,NaN,NaN,NaN,NaN
Constant,VH1-LALA,0,HSP6,NA,NA,NA,NA,NA,NA,NA,NA,NA,NA,NA,NA,NA,NA,NA,NA,NA,NA,NA,NA,NA,NA,NA,NA,NA,NA,NA,NA,2.841,1.422,NA,,,1.568832588,2.731815063,NaN,0.454775295,2.355831705,0.855737885,0,0.161823726,0,NaN,0,0,NaN,NaN,0.127352971,1.275424136,2.759557703,1.422888452,0.196839991,0,NaN,NaN
CD28,VH1-NNSA,0,HSP6,0.100182297,0.000971415,0.148659059,0.035109541,0.084451504,NA,NA,NA,NA,NA,NA,NA,NA,NA,NA,NA,NA,NA,NA,NA,NA,NA,NA,NA,NA,NA,NA,NA,NA,NA,859.9,,,NaN,NaN,NaN,NaN,NaN,NaN,NaN,NaN,NaN,NaN,NaN,NaN,NaN,0.503999265,NaN,NaN,NaN,NaN,NaN,NaN,NaN,NaN
CD3,VH1-NNSA,0,HSP6,NA,NA,NA,NA,NA,0.066,0.103,0.763,0.759,0.165,4.444,0.021,0.043,0.347,0.131,NA,NA,NA,NA,NA,NA,NA,NA,NA,NA,NA,NA,NA,NA,NA,,,945.2,NaN,NaN,0.54820493,NaN,NaN,NaN,NaN,NaN,NaN,1.655328145,NaN,NaN,0.656535871,NaN,NaN,NaN,NaN,NaN,NaN,NaN,NaN,NaN
CD38,VH1-NNSA,0,HSP6,NA,NA,NA,NA,NA,NA,NA,NA,NA,NA,NA,NA,NA,NA,NA,NA,NA,0,NA,0.606,0.866,NA,0.05,NA,0.084,0.006,NA,0.047,NA,NA,,1055,,NaN,NaN,NaN,NaN,NaN,NaN,NaN,NaN,NaN,NaN,NaN,NaN,NaN,NaN,NaN,NaN,NaN,NaN,NaN,NaN,NaN,NaN
Constant,VH1-NNSA,0,HSP6,NA,NA,NA,NA,NA,NA,NA,NA,NA,NA,NA,NA,NA,NA,NA,NA,NA,NA,NA,NA,NA,NA,NA,NA,NA,NA,NA,NA,2.273,1.38,NA,,,0.68043842,2.999269073,NaN,0.380977943,2.780299935,1.170588933,0,0.045420028,0,NaN,0,0,NaN,NaN,0.137932654,1.391703456,4.430656781,1.604173262,0.106920283,0,NaN,NaN
CD28,HHY-FALA,1,HSP6,0.407658149,7.35E-06,1.371409881,0.034410268,0.306765388,NA,NA,NA,NA,NA,NA,NA,NA,NA,NA,NA,NA,NA,NA,NA,NA,NA,NA,NA,NA,NA,NA,NA,NA,NA,687.3,,,NaN,NaN,NaN,NaN,NaN,NaN,NaN,NaN,NaN,NaN,NaN,NaN,NaN,0.493851563,NaN,NaN,NaN,NaN,NaN,NaN,NaN,NaN
CD3,HHY-FALA,1,HSP6,NA,NA,NA,NA,NA,0.172,0.125,0.937,0.818,0.242,9.649,0.029,0.092,0.368,0.174,NA,NA,NA,NA,NA,NA,NA,NA,NA,NA,NA,NA,NA,NA,NA,,,820.8,NaN,NaN,0.58646621,NaN,NaN,NaN,NaN,NaN,NaN,1.674735783,NaN,NaN,0.405298886,NaN,NaN,NaN,NaN,NaN,NaN,NaN,NaN,NaN
CD38,HHY-FALA,1,HSP6,NA,NA,NA,NA,NA,NA,NA,NA,NA,NA,NA,NA,NA,NA,NA,0.614,0.079,NA,0.058,0.862,NA,0.465,NA,0.204,NA,NA,0.581,NA,NA,NA,,998,,NaN,NaN,NaN,NaN,NaN,NaN,NaN,NaN,NaN,NaN,NaN,NaN,NaN,NaN,NaN,NaN,NaN,NaN,NaN,NaN,0.662612932,1.944561727
Constant,HHY-FALA,1,HSP6,NA,NA,NA,NA,NA,NA,NA,NA,NA,NA,NA,NA,NA,NA,NA,NA,NA,NA,NA,NA,NA,NA,NA,NA,NA,NA,NA,NA,NA,NA,NA,,,0.608580545,0,NaN,0.301446862,0.158153899,0.299481506,0,0.091475008,0,NaN,0.009636012,0.051506067,NaN,NaN,0.132506978,1.170266374,3.873892693,1.034960088,0,0,NaN,NaN
CD28,VH1-FALA,1,HSP6,0.366616733,0,0.508152093,0.121652173,0.222852224,NA,NA,NA,NA,NA,NA,NA,NA,NA,NA,NA,NA,NA,NA,NA,NA,NA,NA,NA,NA,NA,NA,NA,NA,NA,714.9,,,NaN,NaN,NaN,NaN,NaN,NaN,NaN,NaN,NaN,NaN,NaN,NaN,NaN,0.532992043,NaN,NaN,NaN,NaN,NaN,NaN,NaN,NaN
CD3,VH1-FALA,1,HSP6,NA,NA,NA,NA,NA,0.113,0.101,0.909,0.899,0.177,9.445,0.025,0.156,0.434,0.222,NA,NA,NA,NA,NA,NA,NA,NA,NA,NA,NA,NA,NA,NA,NA,,,866.3,NaN,NaN,0.068206484,NaN,NaN,NaN,NaN,NaN,NaN,2.280606717,NaN,NaN,0.627299262,NaN,NaN,NaN,NaN,NaN,NaN,NaN,NaN,NaN
CD38,VH1-FALA,1,HSP6,NA,NA,NA,NA,NA,NA,NA,NA,NA,NA,NA,NA,NA,NA,NA,NA,NA,0.002,NA,0.965,1.02,NA,0.008,NA,0.144,0.116,NA,0.086,NA,NA,,994.3,,NaN,NaN,NaN,NaN,NaN,NaN,NaN,NaN,NaN,NaN,NaN,NaN,NaN,NaN,NaN,NaN,NaN,NaN,NaN,NaN,NaN,NaN
Constant,VH1-FALA,1,HSP6,NA,NA,NA,NA,NA,NA,NA,NA,NA,NA,NA,NA,NA,NA,NA,NA,NA,NA,NA,NA,NA,NA,NA,NA,NA,NA,NA,NA,3.435,1.167,NA,,,0.451106521,3.661884105,NaN,0.742803962,0.164304512,0.359440253,0.274951505,0.250734418,0,NaN,0,1.179685338,NaN,NaN,0.134138798,1.520964231,3.381350722,1.132421077,0,0.273934203,NaN,NaN
CD28,VH1-LALA,1,HSP6,0.116155,0,0.597346335,0.084556503,0.21013393,NA,NA,NA,NA,NA,NA,NA,NA,NA,NA,NA,NA,NA,NA,NA,NA,NA,NA,NA,NA,NA,NA,NA,NA,NA,781.1,,,NaN,NaN,NaN,NaN,NaN,NaN,NaN,NaN,NaN,NaN,NaN,NaN,NaN,0.512901867,NaN,NaN,NaN,NaN,NaN,NaN,NaN,NaN
CD3,VH1-LALA,1,HSP6,NA,NA,NA,NA,NA,0.148,0.083,1.001,0.823,0.172,7.978,0.016,0.161,0.353,0.183,NA,NA,NA,NA,NA,NA,NA,NA,NA,NA,NA,NA,NA,NA,NA,,,852.7,NaN,NaN,0.612726566,NaN,NaN,NaN,NaN,NaN,NaN,2.127698734,NaN,NaN,0.570134017,NaN,NaN,NaN,NaN,NaN,NaN,NaN,NaN,NaN
CD38,VH1-LALA,1,HSP6,NA,NA,NA,NA,NA,NA,NA,NA,NA,NA,NA,NA,NA,NA,NA,NA,NA,0,NA,0.855,1.017,NA,0.058,NA,0.112,0.025,NA,0.048,NA,NA,,974.2,,NaN,NaN,NaN,NaN,NaN,NaN,NaN,NaN,NaN,NaN,NaN,NaN,NaN,NaN,NaN,NaN,NaN,NaN,NaN,NaN,NaN,NaN
Constant,VH1-LALA,1,HSP6,NA,NA,NA,NA,NA,NA,NA,NA,NA,NA,NA,NA,NA,NA,NA,NA,NA,NA,NA,NA,NA,NA,NA,NA,NA,NA,NA,NA,3.294,2.145,NA,,,1.644360603,3.804724659,NaN,0.583322097,2.299347857,0.908408448,0,0.322536655,0,NaN,0,0,NaN,NaN,0.112895339,1.246017053,2.939828008,1.555071647,0.430155335,0,NaN,NaN
CD28,VH1-NNSA,1,HSP6,0.116659048,0.001618921,0.34149225,0.0383117,0.115749821,NA,NA,NA,NA,NA,NA,NA,NA,NA,NA,NA,NA,NA,NA,NA,NA,NA,NA,NA,NA,NA,NA,NA,NA,NA,824.4,,,NaN,NaN,NaN,NaN,NaN,NaN,NaN,NaN,NaN,NaN,NaN,NaN,NaN,0.505641371,NaN,NaN,NaN,NaN,NaN,NaN,NaN,NaN
CD3,VH1-NNSA,1,HSP6,NA,NA,NA,NA,NA,0.133,0.161,1.025,1.056,0.185,8.566,0.042,0.08,0.358,0.145,NA,NA,NA,NA,NA,NA,NA,NA,NA,NA,NA,NA,NA,NA,NA,,,876.3,NaN,NaN,0.602865392,NaN,NaN,NaN,NaN,NaN,NaN,1.684722744,NaN,NaN,0.62311506,NaN,NaN,NaN,NaN,NaN,NaN,NaN,NaN,NaN
CD38,VH1-NNSA,1,HSP6,NA,NA,NA,NA,NA,NA,NA,NA,NA,NA,NA,NA,NA,NA,NA,NA,NA,0,NA,0.701,1.071,NA,0.047,NA,0.092,0.027,NA,0.045,NA,NA,,1044,,NaN,NaN,NaN,NaN,NaN,NaN,NaN,NaN,NaN,NaN,NaN,NaN,NaN,NaN,NaN,NaN,NaN,NaN,NaN,NaN,NaN,NaN
Constant,VH1-NNSA,1,HSP6,NA,NA,NA,NA,NA,NA,NA,NA,NA,NA,NA,NA,NA,NA,NA,NA,NA,NA,NA,NA,NA,NA,NA,NA,NA,NA,NA,NA,3.245,1.501,NA,,,0.862789942,3.036970577,NaN,0.442590913,2.557525907,1.226966346,0,0.12242659,0,NaN,0,0,NaN,NaN,0.133769168,1.281530178,4.362245716,1.572771206,0.333942649,0,NaN,NaN
CD28,HHY-FALA,2,HSP6,0.520125607,0.005147404,1.613085814,0.040883493,0.300657079,NA,NA,NA,NA,NA,NA,NA,NA,NA,NA,NA,NA,NA,NA,NA,NA,NA,NA,NA,NA,NA,NA,NA,NA,NA,750.5,,,NaN,NaN,NaN,NaN,NaN,NaN,NaN,NaN,NaN,NaN,NaN,NaN,NaN,1.00789652,NaN,NaN,NaN,NaN,NaN,NaN,NaN,NaN
CD3,HHY-FALA,2,HSP6,NA,NA,NA,NA,NA,0.137,0.133,0.896,1.102,0.289,13.535,0.034,0.135,0.397,0.141,NA,NA,NA,NA,NA,NA,NA,NA,NA,NA,NA,NA,NA,NA,NA,,,830.3,NaN,NaN,0.609404056,NaN,NaN,NaN,NaN,NaN,NaN,1.756243968,NaN,NaN,0.393314256,NaN,NaN,NaN,NaN,NaN,NaN,NaN,NaN,NaN
CD38,HHY-FALA,2,HSP6,NA,NA,NA,NA,NA,NA,NA,NA,NA,NA,NA,NA,NA,NA,NA,1.244,0.23,NA,0.111,0.75,NA,0.599,NA,0.265,NA,NA,0.615,NA,NA,NA,,993.1,,NaN,NaN,NaN,NaN,NaN,NaN,NaN,NaN,NaN,NaN,NaN,NaN,NaN,NaN,NaN,NaN,NaN,NaN,NaN,NaN,0.745995828,2.09216334
Constant,HHY-FALA,2,HSP6,NA,NA,NA,NA,NA,NA,NA,NA,NA,NA,NA,NA,NA,NA,NA,NA,NA,NA,NA,NA,NA,NA,NA,NA,NA,NA,NA,NA,NA,NA,NA,,,0.701258011,4.6323172,NaN,0.314311441,0.19804146,0.437675492,0,0.184306131,0,NaN,0.017496849,0.049914564,NaN,NaN,0.122380263,1.325852412,3.919740077,1.10941731,0,0,NaN,NaN
CD28,VH1-FALA,2,HSP6,0.278210982,0,0.683166789,0.072248978,0.168902478,NA,NA,NA,NA,NA,NA,NA,NA,NA,NA,NA,NA,NA,NA,NA,NA,NA,NA,NA,NA,NA,NA,NA,NA,NA,696.6,,,NaN,NaN,NaN,NaN,NaN,NaN,NaN,NaN,NaN,NaN,NaN,NaN,NaN,0.513586399,NaN,NaN,NaN,NaN,NaN,NaN,NaN,NaN
CD3,VH1-FALA,2,HSP6,NA,NA,NA,NA,NA,0.186,0.119,0.879,0.692,0.232,13.537,0.055,0.173,0.424,0.159,NA,NA,NA,NA,NA,NA,NA,NA,NA,NA,NA,NA,NA,NA,NA,,,824.9,NaN,NaN,0.073020418,NaN,NaN,NaN,NaN,NaN,NaN,2.260994593,NaN,NaN,0.876966982,NaN,NaN,NaN,NaN,NaN,NaN,NaN,NaN,NaN
CD38,VH1-FALA,2,HSP6,NA,NA,NA,NA,NA,NA,NA,NA,NA,NA,NA,NA,NA,NA,NA,NA,NA,0,NA,0.812,0.859,NA,0.039,NA,0.139,0.079,NA,0.048,NA,NA,,984.6,,NaN,NaN,NaN,NaN,NaN,NaN,NaN,NaN,NaN,NaN,NaN,NaN,NaN,NaN,NaN,NaN,NaN,NaN,NaN,NaN,NaN,NaN
Constant,VH1-FALA,2,HSP6,NA,NA,NA,NA,NA,NA,NA,NA,NA,NA,NA,NA,NA,NA,NA,NA,NA,NA,NA,NA,NA,NA,NA,NA,NA,NA,NA,NA,3.747,1.688,NA,,,0.558796607,4.679873207,NaN,0.816397309,0.149978455,0.346289524,0.491761833,0.376774312,0.050317856,NaN,0,1.223413728,NaN,NaN,0.123990804,1.470516107,3.254562365,0.808544081,0,0.39127147,NaN,NaN
CD28,VH1-LALA,2,HSP6,0.156547629,0,0.845184173,0.123610539,0.271161365,NA,NA,NA,NA,NA,NA,NA,NA,NA,NA,NA,NA,NA,NA,NA,NA,NA,NA,NA,NA,NA,NA,NA,NA,NA,766.9,,,NaN,NaN,NaN,NaN,NaN,NaN,NaN,NaN,NaN,NaN,NaN,NaN,NaN,0.564514169,NaN,NaN,NaN,NaN,NaN,NaN,NaN,NaN
CD3,VH1-LALA,2,HSP6,NA,NA,NA,NA,NA,0.225,0.107,1.026,0.826,0.178,12.125,0.033,0.183,0.454,0.184,NA,NA,NA,NA,NA,NA,NA,NA,NA,NA,NA,NA,NA,NA,NA,,,821.9,NaN,NaN,2.109554227,NaN,NaN,NaN,NaN,NaN,NaN,2.251034496,NaN,NaN,2.433491693,NaN,NaN,NaN,NaN,NaN,NaN,NaN,NaN,NaN
CD38,VH1-LALA,2,HSP6,NA,NA,NA,NA,NA,NA,NA,NA,NA,NA,NA,NA,NA,NA,NA,NA,NA,0,NA,0.779,1.21,NA,0.038,NA,0.081,0.053,NA,0.041,NA,NA,,976.8,,NaN,NaN,NaN,NaN,NaN,NaN,NaN,NaN,NaN,NaN,NaN,NaN,NaN,NaN,NaN,NaN,NaN,NaN,NaN,NaN,NaN,NaN
Constant,VH1-LALA,2,HSP6,NA,NA,NA,NA,NA,NA,NA,NA,NA,NA,NA,NA,NA,NA,NA,NA,NA,NA,NA,NA,NA,NA,NA,NA,NA,NA,NA,NA,3.727,2.724,NA,,,1.862526037,4.589174031,NaN,0.656556159,2.299419027,0.848852298,0,0.438632767,0,NaN,0,0,NaN,NaN,0.191840263,1.337826468,2.956545351,1.382513048,0.738186974,0,NaN,NaN
CD28,VH1-NNSA,2,HSP6,0.181090804,0,0.775401883,0.056004896,0.114353303,NA,NA,NA,NA,NA,NA,NA,NA,NA,NA,NA,NA,NA,NA,NA,NA,NA,NA,NA,NA,NA,NA,NA,NA,NA,836.2,,,NaN,NaN,NaN,NaN,NaN,NaN,NaN,NaN,NaN,NaN,NaN,NaN,NaN,0.546223387,NaN,NaN,NaN,NaN,NaN,NaN,NaN,NaN
CD3,VH1-NNSA,2,HSP6,NA,NA,NA,NA,NA,0.184,0.142,1.978,2.844,0.168,12.97,0.185,0.12,0.412,0.173,NA,NA,NA,NA,NA,NA,NA,NA,NA,NA,NA,NA,NA,NA,NA,,,829.3,NaN,NaN,0.733358502,NaN,NaN,NaN,NaN,NaN,NaN,2.721952743,NaN,NaN,0.691154129,NaN,NaN,NaN,NaN,NaN,NaN,NaN,NaN,NaN
CD38,VH1-NNSA,2,HSP6,NA,NA,NA,NA,NA,NA,NA,NA,NA,NA,NA,NA,NA,NA,NA,NA,NA,0,NA,1.138,1.622,NA,0.02,NA,0.093,0.006,NA,0.051,NA,NA,,1038,,NaN,NaN,NaN,NaN,NaN,NaN,NaN,NaN,NaN,NaN,NaN,NaN,NaN,NaN,NaN,NaN,NaN,NaN,NaN,NaN,NaN,NaN
Constant,VH1-NNSA,2,HSP6,NA,NA,NA,NA,NA,NA,NA,NA,NA,NA,NA,NA,NA,NA,NA,NA,NA,NA,NA,NA,NA,NA,NA,NA,NA,NA,NA,NA,5.462,2.054,NA,,,0.947035133,3.08891022,NaN,0.401203059,2.540955828,1.14829716,0,0.247613264,0,NaN,0,0,NaN,NaN,0.130391543,1.349870552,5.002051189,2.750660407,0.606836014,0,NaN,NaN
CD28,HHY-FALA,3,HSP6,0.599913808,0.004445332,2.031233579,0.046504007,0.337007486,NA,NA,NA,NA,NA,NA,NA,NA,NA,NA,NA,NA,NA,NA,NA,NA,NA,NA,NA,NA,NA,NA,NA,NA,NA,684.3,,,NaN,NaN,NaN,NaN,NaN,NaN,NaN,NaN,NaN,NaN,NaN,NaN,NaN,0.526382003,NaN,NaN,NaN,NaN,NaN,NaN,NaN,NaN
CD3,HHY-FALA,3,HSP6,NA,NA,NA,NA,NA,0.227,0.21,0.834,1.013,0.323,16.366,0.064,0.163,0.437,0.161,NA,NA,NA,NA,NA,NA,NA,NA,NA,NA,NA,NA,NA,NA,NA,,,772.7,NaN,NaN,0.566432004,NaN,NaN,NaN,NaN,NaN,NaN,1.791552364,NaN,NaN,0.444520132,NaN,NaN,NaN,NaN,NaN,NaN,NaN,NaN,NaN
CD38,HHY-FALA,3,HSP6,NA,NA,NA,NA,NA,NA,NA,NA,NA,NA,NA,NA,NA,NA,NA,1.921,0.061,NA,0.073,0.84,NA,0.509,NA,0.316,NA,NA,0.726,NA,NA,NA,,964.2,,NaN,NaN,NaN,NaN,NaN,NaN,NaN,NaN,NaN,NaN,NaN,NaN,NaN,NaN,NaN,NaN,NaN,NaN,NaN,NaN,0.671015906,2.16282659
Constant,HHY-FALA,3,HSP6,NA,NA,NA,NA,NA,NA,NA,NA,NA,NA,NA,NA,NA,NA,NA,NA,NA,NA,NA,NA,NA,NA,NA,NA,NA,NA,NA,NA,NA,NA,NA,,,0.554719707,5.852152844,NaN,0.371156675,0.099063231,0.305363596,0,0.284605638,0,NaN,0.030696355,0.074152391,NaN,NaN,0.13167926,0.043775933,4.0523256,1.143105206,0,0,NaN,NaN
CD28,VH1-FALA,3,HSP6,0.436500498,0,0.95419755,0.092616759,0.195788366,NA,NA,NA,NA,NA,NA,NA,NA,NA,NA,NA,NA,NA,NA,NA,NA,NA,NA,NA,NA,NA,NA,NA,NA,NA,643.5,,,NaN,NaN,NaN,NaN,NaN,NaN,NaN,NaN,NaN,NaN,NaN,NaN,NaN,0.513038859,NaN,NaN,NaN,NaN,NaN,NaN,NaN,NaN
CD3,VH1-FALA,3,HSP6,NA,NA,NA,NA,NA,0.239,0.134,0.897,0.783,0.222,18.22,0.072,0.21,0.498,0.191,NA,NA,NA,NA,NA,NA,NA,NA,NA,NA,NA,NA,NA,NA,NA,,,751.4,NaN,NaN,0.188364633,NaN,NaN,NaN,NaN,NaN,NaN,2.118746563,NaN,NaN,0.722008072,NaN,NaN,NaN,NaN,NaN,NaN,NaN,NaN,NaN
CD38,VH1-FALA,3,HSP6,NA,NA,NA,NA,NA,NA,NA,NA,NA,NA,NA,NA,NA,NA,NA,NA,NA,0.004,NA,0.946,1.111,NA,0.016,NA,0.15,0.091,NA,0.078,NA,NA,,948.4,,NaN,NaN,NaN,NaN,NaN,NaN,NaN,NaN,NaN,NaN,NaN,NaN,NaN,NaN,NaN,NaN,NaN,NaN,NaN,NaN,NaN,NaN
Constant,VH1-FALA,3,HSP6,NA,NA,NA,NA,NA,NA,NA,NA,NA,NA,NA,NA,NA,NA,NA,NA,NA,NA,NA,NA,NA,NA,NA,NA,NA,NA,NA,NA,3.586,2.128,NA,,,0.583534503,5.254769002,NaN,1.013630499,0.155082884,0.367991448,0.657533294,0.529938493,0.167855908,NaN,0,1.274773964,NaN,NaN,0.128690484,1.534011535,3.203242664,1.228921136,0,0.656068283,NaN,NaN
CD28,VH1-LALA,3,HSP6,0.214640338,0,1.144598534,0.069468032,0.257835198,NA,NA,NA,NA,NA,NA,NA,NA,NA,NA,NA,NA,NA,NA,NA,NA,NA,NA,NA,NA,NA,NA,NA,NA,NA,755,,,NaN,NaN,NaN,NaN,NaN,NaN,NaN,NaN,NaN,NaN,NaN,NaN,NaN,0.547589552,NaN,NaN,NaN,NaN,NaN,NaN,NaN,NaN
CD3,VH1-LALA,3,HSP6,NA,NA,NA,NA,NA,0.256,0.109,0.823,0.819,0.263,16.705,0.059,0.299,0.433,0.197,NA,NA,NA,NA,NA,NA,NA,NA,NA,NA,NA,NA,NA,NA,NA,,,793.1,NaN,NaN,0.594983408,NaN,NaN,NaN,NaN,NaN,NaN,2.208731709,NaN,NaN,0.584081034,NaN,NaN,NaN,NaN,NaN,NaN,NaN,NaN,NaN
CD38,VH1-LALA,3,HSP6,NA,NA,NA,NA,NA,NA,NA,NA,NA,NA,NA,NA,NA,NA,NA,NA,NA,0.006,NA,0.771,1.08,NA,0.024,NA,0.079,0.065,NA,0.047,NA,NA,,978.2,,NaN,NaN,NaN,NaN,NaN,NaN,NaN,NaN,NaN,NaN,NaN,NaN,NaN,NaN,NaN,NaN,NaN,NaN,NaN,NaN,NaN,NaN
Constant,VH1-LALA,3,HSP6,NA,NA,NA,NA,NA,NA,NA,NA,NA,NA,NA,NA,NA,NA,NA,NA,NA,NA,NA,NA,NA,NA,NA,NA,NA,NA,NA,NA,3.911,3.493,NA,,,1.902662239,5.782263796,NaN,0.927759596,2.32985222,0.943447659,0.10469463,0.504746994,0,NaN,0,0,NaN,NaN,0.120533128,1.310052892,3.124138865,1.329568391,1.163299751,0,NaN,NaN
CD28,VH1-NNSA,3,HSP6,0.15976959,0,0.593293469,0.017196919,0.119802063,NA,NA,NA,NA,NA,NA,NA,NA,NA,NA,NA,NA,NA,NA,NA,NA,NA,NA,NA,NA,NA,NA,NA,NA,NA,768.4,,,NaN,NaN,NaN,NaN,NaN,NaN,NaN,NaN,NaN,NaN,NaN,NaN,NaN,0.530671798,NaN,NaN,NaN,NaN,NaN,NaN,NaN,NaN
CD3,VH1-NNSA,3,HSP6,NA,NA,NA,NA,NA,0.222,0.159,0.897,0.994,0.259,16.531,0.077,0.193,0.448,0.158,NA,NA,NA,NA,NA,NA,NA,NA,NA,NA,NA,NA,NA,NA,NA,,,760,NaN,NaN,0.635384529,NaN,NaN,NaN,NaN,NaN,NaN,1.64383932,NaN,NaN,0.622025662,NaN,NaN,NaN,NaN,NaN,NaN,NaN,NaN,NaN
CD38,VH1-NNSA,3,HSP6,NA,NA,NA,NA,NA,NA,NA,NA,NA,NA,NA,NA,NA,NA,NA,NA,NA,0,NA,0.698,0.962,NA,0.054,NA,0.086,0.015,NA,0.046,NA,NA,,1025,,NaN,NaN,NaN,NaN,NaN,NaN,NaN,NaN,NaN,NaN,NaN,NaN,NaN,NaN,NaN,NaN,NaN,NaN,NaN,NaN,NaN,NaN
Constant,VH1-NNSA,3,HSP6,NA,NA,NA,NA,NA,NA,NA,NA,NA,NA,NA,NA,NA,NA,NA,NA,NA,NA,NA,NA,NA,NA,NA,NA,NA,NA,NA,NA,4.396,2.718,NA,,,5.969126875,4.68289059,NaN,0.487632894,2.505231744,1.247453858,0.098079651,0.332491262,0,NaN,0,0,NaN,NaN,0.13563078,1.339958526,4.497278113,1.541230289,1.397360787,0,NaN,NaN
CD28,HHY-FALA,0,T8,0.281208858,0.004583719,0.357599474,0.055617255,0.313972571,NA,NA,NA,NA,NA,NA,NA,NA,NA,NA,NA,NA,NA,NA,NA,NA,NA,NA,NA,NA,NA,NA,NA,NA,NA,845.4,,,NaN,NaN,NaN,NaN,NaN,NaN,NaN,NaN,NaN,NaN,NaN,NaN,NaN,0.595802804,NaN,NaN,NaN,NaN,NaN,NaN,NaN,NaN
CD3,HHY-FALA,0,T8,NA,NA,NA,NA,NA,0.257,0.108,1.531,1.139,0.284,6.449,0.025,0.063,0.311,0.574,NA,NA,NA,NA,NA,NA,NA,NA,NA,NA,NA,NA,NA,NA,NA,,,814.2,NaN,NaN,0.815955233,NaN,NaN,NaN,NaN,NaN,NaN,1.844482868,NaN,NaN,1.200418991,NaN,NaN,NaN,NaN,NaN,NaN,NaN,NaN,NaN
CD38,HHY-FALA,0,T8,NA,NA,NA,NA,NA,NA,NA,NA,NA,NA,NA,NA,NA,NA,NA,0.257,0.144,NA,0.094,1.478,NA,0.792,NA,0.121,NA,NA,0.662,NA,NA,NA,,855.6,,NaN,NaN,NaN,NaN,NaN,NaN,NaN,NaN,NaN,NaN,NaN,NaN,NaN,NaN,NaN,NaN,NaN,NaN,NaN,NaN,0.932569746,2.908055918
Constant,HHY-FALA,0,T8,NA,NA,NA,NA,NA,NA,NA,NA,NA,NA,NA,NA,NA,NA,NA,NA,NA,NA,NA,NA,NA,NA,NA,NA,NA,NA,NA,NA,2.215,1.863,NA,,,0.929597012,2.684133182,NaN,0.369056808,0.140394694,0.220712073,0,0,0,NaN,0,0.162524256,NaN,NaN,0.12946436,1.575523162,4.304536228,1.369157426,0,0.355480861,NaN,NaN
CD28,VH1-FALA,0,T8,0.33769106,0.007179124,0.11716788,0.108883111,0.201782852,NA,NA,NA,NA,NA,NA,NA,NA,NA,NA,NA,NA,NA,NA,NA,NA,NA,NA,NA,NA,NA,NA,NA,NA,NA,677.7,,,NaN,NaN,NaN,NaN,NaN,NaN,NaN,NaN,NaN,NaN,NaN,NaN,NaN,0.862824022,NaN,NaN,NaN,NaN,NaN,NaN,NaN,NaN
CD3,VH1-FALA,0,T8,NA,NA,NA,NA,NA,0.239,0.081,1.577,1.294,0.236,4.715,0.017,0.144,0.391,0.325,NA,NA,NA,NA,NA,NA,NA,NA,NA,NA,NA,NA,NA,NA,NA,,,596.5,NaN,NaN,0.059311525,NaN,NaN,NaN,NaN,NaN,NaN,2.302066149,NaN,NaN,0.596405874,NaN,NaN,NaN,NaN,NaN,NaN,NaN,NaN,NaN
CD38,VH1-FALA,0,T8,NA,NA,NA,NA,NA,NA,NA,NA,NA,NA,NA,NA,NA,NA,NA,NA,NA,0,NA,1.711,2.191,NA,0.014,NA,0.221,0.141,NA,0.122,NA,NA,,695,,NaN,NaN,NaN,NaN,NaN,NaN,NaN,NaN,NaN,NaN,NaN,NaN,NaN,NaN,NaN,NaN,NaN,NaN,NaN,NaN,NaN,NaN
Constant,VH1-FALA,0,T8,NA,NA,NA,NA,NA,NA,NA,NA,NA,NA,NA,NA,NA,NA,NA,NA,NA,NA,NA,NA,NA,NA,NA,NA,NA,NA,NA,NA,3.099,0.93,NA,,,0.439620546,2.738477268,NaN,1.236646184,0.160477171,0.028328414,0,0.151840603,0,NaN,0.092137223,1.430793161,NaN,NaN,0.172281419,1.61183898,3.903341179,2.481719453,0,0.111429479,NaN,NaN
CD28,VH1-LALA,0,T8,0.075270855,0.00370422,0.194502297,0.123458593,0.26905275,NA,NA,NA,NA,NA,NA,NA,NA,NA,NA,NA,NA,NA,NA,NA,NA,NA,NA,NA,NA,NA,NA,NA,NA,NA,789.8,,,NaN,NaN,NaN,NaN,NaN,NaN,NaN,NaN,NaN,NaN,NaN,NaN,NaN,0.777424998,NaN,NaN,NaN,NaN,NaN,NaN,NaN,NaN
CD3,VH1-LALA,0,T8,NA,NA,NA,NA,NA,0.304,0.076,1.221,0.97,0.184,4.299,0.014,0.079,0.337,0.268,NA,NA,NA,NA,NA,NA,NA,NA,NA,NA,NA,NA,NA,NA,NA,,,741.6,NaN,NaN,0.676572466,NaN,NaN,NaN,NaN,NaN,NaN,1.384870303,NaN,NaN,0.602811404,NaN,NaN,NaN,NaN,NaN,NaN,NaN,NaN,NaN
CD38,VH1-LALA,0,T8,NA,NA,NA,NA,NA,NA,NA,NA,NA,NA,NA,NA,NA,NA,NA,NA,NA,0,NA,1.072,1.937,NA,0.031,NA,0.142,0.146,NA,0.094,NA,NA,,815.3,,NaN,NaN,NaN,NaN,NaN,NaN,NaN,NaN,NaN,NaN,NaN,NaN,NaN,NaN,NaN,NaN,NaN,NaN,NaN,NaN,NaN,NaN
Constant,VH1-LALA,0,T8,NA,NA,NA,NA,NA,NA,NA,NA,NA,NA,NA,NA,NA,NA,NA,NA,NA,NA,NA,NA,NA,NA,NA,NA,NA,NA,NA,NA,3.037,2.342,NA,,,1.628480786,2.947711447,NaN,1.60986328,2.111405179,0.644448102,1.560275307,0.916902552,1.003214692,NaN,0,0,NaN,NaN,0.153287067,1.167013118,2.957549599,1.593212942,0.157116487,0,NaN,NaN
CD28,VH1-NNSA,0,T8,0.068228641,0,0.137045534,0.043317032,0.124592488,NA,NA,NA,NA,NA,NA,NA,NA,NA,NA,NA,NA,NA,NA,NA,NA,NA,NA,NA,NA,NA,NA,NA,NA,NA,761.9,,,NaN,NaN,NaN,NaN,NaN,NaN,NaN,NaN,NaN,NaN,NaN,NaN,NaN,0.490113931,NaN,NaN,NaN,NaN,NaN,NaN,NaN,NaN
CD3,VH1-NNSA,0,T8,NA,NA,NA,NA,NA,0.254,0.068,1.159,1.03,0.166,3.895,0.025,0.037,0.187,0.189,NA,NA,NA,NA,NA,NA,NA,NA,NA,NA,NA,NA,NA,NA,NA,,,674.1,NaN,NaN,0.712723405,NaN,NaN,NaN,NaN,NaN,NaN,1.371995841,NaN,NaN,0.875883785,NaN,NaN,NaN,NaN,NaN,NaN,NaN,NaN,NaN
CD38,VH1-NNSA,0,T8,NA,NA,NA,NA,NA,NA,NA,NA,NA,NA,NA,NA,NA,NA,NA,NA,NA,0,NA,0.787,1.922,NA,0.027,NA,0.08,0.143,NA,0.042,NA,NA,,872.8,,NaN,NaN,NaN,NaN,NaN,NaN,NaN,NaN,NaN,NaN,NaN,NaN,NaN,NaN,NaN,NaN,NaN,NaN,NaN,NaN,NaN,NaN
Constant,VH1-NNSA,0,T8,NA,NA,NA,NA,NA,NA,NA,NA,NA,NA,NA,NA,NA,NA,NA,NA,NA,NA,NA,NA,NA,NA,NA,NA,NA,NA,NA,NA,2.322,1.996,NA,,,0.639409882,2.362708387,NaN,0.500655553,3.62311314,1.296284948,0.08059096,0,0.079149858,NaN,0,0,NaN,NaN,0.143845673,1.369749363,3.446616309,1.645798704,0.113722171,0,NaN,NaN
CD28,HHY-FALA,1,T8,0.361320166,0.059073503,0.403975289,0.068792809,0.222300744,NA,NA,NA,NA,NA,NA,NA,NA,NA,NA,NA,NA,NA,NA,NA,NA,NA,NA,NA,NA,NA,NA,NA,NA,NA,772.5,,,NaN,NaN,NaN,NaN,NaN,NaN,NaN,NaN,NaN,NaN,NaN,NaN,NaN,0,NaN,NaN,NaN,NaN,NaN,NaN,NaN,NaN
CD3,HHY-FALA,1,T8,NA,NA,NA,NA,NA,4.508,0.078,1.592,1.008,0.529,18.212,0.089,0.229,0.512,0.181,NA,NA,NA,NA,NA,NA,NA,NA,NA,NA,NA,NA,NA,NA,NA,,,676.3,NaN,NaN,0.95749139,NaN,NaN,NaN,NaN,NaN,NaN,1.830348339,NaN,NaN,0.78587219,NaN,NaN,NaN,NaN,NaN,NaN,NaN,NaN,NaN
CD38,HHY-FALA,1,T8,NA,NA,NA,NA,NA,NA,NA,NA,NA,NA,NA,NA,NA,NA,NA,0.975,0.406,NA,1.07,1.313,NA,0.763,NA,1.454,NA,NA,0.291,NA,NA,NA,,789.9,,NaN,NaN,NaN,NaN,NaN,NaN,NaN,NaN,NaN,NaN,NaN,NaN,NaN,NaN,NaN,NaN,NaN,NaN,NaN,NaN,0.880804585,3.043621634
Constant,HHY-FALA,1,T8,NA,NA,NA,NA,NA,NA,NA,NA,NA,NA,NA,NA,NA,NA,NA,NA,NA,NA,NA,NA,NA,NA,NA,NA,NA,NA,NA,NA,2.795,11.753,NA,,,0.931085857,3.58045092,NaN,0.442070135,,0.388140593,0.866086032,0.383827755,0.704971982,NaN,0,0.177528422,NaN,NaN,0.141157075,0,4.250928141,1.235849465,0,0.587421497,NaN,NaN
CD28,VH1-FALA,1,T8,0.215495746,0.044934543,0.161407049,0.110834521,0.220949576,NA,NA,NA,NA,NA,NA,NA,NA,NA,NA,NA,NA,NA,NA,NA,NA,NA,NA,NA,NA,NA,NA,NA,NA,NA,602,,,NaN,NaN,NaN,NaN,NaN,NaN,NaN,NaN,NaN,NaN,NaN,NaN,NaN,0.833939555,NaN,NaN,NaN,NaN,NaN,NaN,NaN,NaN
CD3,VH1-FALA,1,T8,NA,NA,NA,NA,NA,3.204,0.09,1.582,1.153,0.382,15.581,0.061,0.296,0.572,0.358,NA,NA,NA,NA,NA,NA,NA,NA,NA,NA,NA,NA,NA,NA,NA,,,472.8,NaN,NaN,0.250433512,NaN,NaN,NaN,NaN,NaN,NaN,2.467087783,NaN,NaN,0.634923808,NaN,NaN,NaN,NaN,NaN,NaN,NaN,NaN,NaN
CD38,VH1-FALA,1,T8,NA,NA,NA,NA,NA,NA,NA,NA,NA,NA,NA,NA,NA,NA,NA,NA,NA,0.084,NA,1.773,2.023,NA,0.052,NA,0.209,0.239,NA,0.131,NA,NA,,633.7,,NaN,NaN,NaN,NaN,NaN,NaN,NaN,NaN,NaN,NaN,NaN,NaN,NaN,NaN,NaN,NaN,NaN,NaN,NaN,NaN,NaN,NaN
Constant,VH1-FALA,1,T8,NA,NA,NA,NA,NA,NA,NA,NA,NA,NA,NA,NA,NA,NA,NA,NA,NA,NA,NA,NA,NA,NA,NA,NA,NA,NA,NA,NA,3.482,5.647,NA,,,0.654944712,3.318042244,NaN,2.030305182,0.160661748,0.2598893,1.019207568,0.619143523,0.480818166,NaN,,0,NaN,NaN,0.161002105,1.604794111,4.141619032,1.501208823,0,0.540860434,NaN,NaN
CD28,VH1-LALA,1,T8,0.108063743,0.008163347,0.249999798,0.144913088,0.320455399,NA,NA,NA,NA,NA,NA,NA,NA,NA,NA,NA,NA,NA,NA,NA,NA,NA,NA,NA,NA,NA,NA,NA,NA,NA,762.2,,,NaN,NaN,NaN,NaN,NaN,NaN,NaN,NaN,NaN,NaN,NaN,NaN,NaN,0.729190913,NaN,NaN,NaN,NaN,NaN,NaN,NaN,NaN
CD3,VH1-LALA,1,T8,NA,NA,NA,NA,NA,3.607,0.128,1.606,1.066,0.419,14.261,0.038,0.191,0.485,0.256,NA,NA,NA,NA,NA,NA,NA,NA,NA,NA,NA,NA,NA,NA,NA,,,621.6,NaN,NaN,0,NaN,NaN,NaN,NaN,NaN,NaN,1.350022044,NaN,NaN,0,NaN,NaN,NaN,NaN,NaN,NaN,NaN,NaN,NaN
CD38,VH1-LALA,1,T8,NA,NA,NA,NA,NA,NA,NA,NA,NA,NA,NA,NA,NA,NA,NA,NA,NA,0.103,NA,1.308,1.988,NA,0.098,NA,0.149,0.171,NA,0.114,NA,NA,,807.4,,NaN,NaN,NaN,NaN,NaN,NaN,NaN,NaN,NaN,NaN,NaN,NaN,NaN,NaN,NaN,NaN,NaN,NaN,NaN,NaN,NaN,NaN
Constant,VH1-LALA,1,T8,NA,NA,NA,NA,NA,NA,NA,NA,NA,NA,NA,NA,NA,NA,NA,NA,NA,NA,NA,NA,NA,NA,NA,NA,NA,NA,NA,NA,3.794,10.069,NA,,,1.966453922,3.654747136,NaN,1.759054523,2.612776035,0.789475343,1.547124542,0.856342253,0.994733968,NaN,0,0,NaN,NaN,0,1.160760273,3.109596351,1.832170727,0.753170137,0,NaN,NaN
CD28,VH1-NNSA,1,T8,0,0,0,0,0,NA,NA,NA,NA,NA,NA,NA,NA,NA,NA,NA,NA,NA,NA,NA,NA,NA,NA,NA,NA,NA,NA,NA,NA,NA,677.9,,,NaN,NaN,NaN,NaN,NaN,NaN,NaN,NaN,NaN,NaN,NaN,NaN,NaN,0.494897946,NaN,NaN,NaN,NaN,NaN,NaN,NaN,NaN
CD3,VH1-NNSA,1,T8,NA,NA,NA,NA,NA,0,0,0,0,0,0,0,0,0,0,NA,NA,NA,NA,NA,NA,NA,NA,NA,NA,NA,NA,NA,NA,NA,,,484.9,NaN,NaN,0.833307915,NaN,NaN,NaN,NaN,NaN,NaN,,NaN,NaN,0.951615377,NaN,NaN,NaN,NaN,NaN,NaN,NaN,NaN,NaN
CD38,VH1-NNSA,1,T8,NA,NA,NA,NA,NA,NA,NA,NA,NA,NA,NA,NA,NA,NA,NA,NA,NA,0,NA,0,0,NA,0,NA,0,0,NA,0,NA,NA,,833.4,,NaN,NaN,NaN,NaN,NaN,NaN,NaN,NaN,NaN,NaN,NaN,NaN,NaN,NaN,NaN,NaN,NaN,NaN,NaN,NaN,NaN,NaN
Constant,VH1-NNSA,1,T8,NA,NA,NA,NA,NA,NA,NA,NA,NA,NA,NA,NA,NA,NA,NA,NA,NA,NA,NA,NA,NA,NA,NA,NA,NA,NA,NA,NA,0,0,NA,,,0,3.121285275,NaN,0,3.448284615,1.185447816,,,,NaN,0,0,NaN,NaN,0.151353404,1.315910702,0,0,0,0,NaN,NaN
CD28,HHY-FALA,2,T8,0.410925407,0.048975337,0.392923902,0.058619922,0.207762545,NA,NA,NA,NA,NA,NA,NA,NA,NA,NA,NA,NA,NA,NA,NA,NA,NA,NA,NA,NA,NA,NA,NA,NA,NA,670.8,,,NaN,NaN,NaN,NaN,NaN,NaN,NaN,NaN,NaN,NaN,NaN,NaN,NaN,0.688843281,NaN,NaN,NaN,NaN,NaN,NaN,NaN,NaN
CD3,HHY-FALA,2,T8,NA,NA,NA,NA,NA,4.953,0.086,1.567,0.88,0.515,18.791,0.089,0.227,0.538,0.164,NA,NA,NA,NA,NA,NA,NA,NA,NA,NA,NA,NA,NA,NA,NA,,,530.4,NaN,NaN,1.025727026,NaN,NaN,NaN,NaN,NaN,NaN,1.919833942,NaN,NaN,0.910613806,NaN,NaN,NaN,NaN,NaN,NaN,NaN,NaN,NaN
CD38,HHY-FALA,2,T8,NA,NA,NA,NA,NA,NA,NA,NA,NA,NA,NA,NA,NA,NA,NA,1.026,0.893,NA,0.31,1.557,NA,0.577,NA,1.689,NA,NA,0.362,NA,NA,NA,,677.6,,NaN,NaN,NaN,NaN,NaN,NaN,NaN,NaN,NaN,NaN,NaN,NaN,NaN,NaN,NaN,NaN,NaN,NaN,NaN,NaN,0.87168399,3.124783566
Constant,HHY-FALA,2,T8,NA,NA,NA,NA,NA,NA,NA,NA,NA,NA,NA,NA,NA,NA,NA,NA,NA,NA,NA,NA,NA,NA,NA,NA,NA,NA,NA,NA,2.835,11.097,NA,,,0.772362701,6.97937702,NaN,0.492230791,0.197751099,0.234708862,2.080175944,0.690014804,1.520628341,NaN,0,0.152406375,NaN,NaN,0.134527732,1.193185241,4.558452628,1.339915325,0,0.464968351,NaN,NaN
CD28,VH1-FALA,2,T8,0.339650318,0.078543045,0.216516822,0.096129315,0.237336129,NA,NA,NA,NA,NA,NA,NA,NA,NA,NA,NA,NA,NA,NA,NA,NA,NA,NA,NA,NA,NA,NA,NA,NA,NA,524.6,,,NaN,NaN,NaN,NaN,NaN,NaN,NaN,NaN,NaN,NaN,NaN,NaN,NaN,0.989174575,NaN,NaN,NaN,NaN,NaN,NaN,NaN,NaN
CD3,VH1-FALA,2,T8,NA,NA,NA,NA,NA,6.434,0.135,2.022,1.286,0.578,24.3,0.061,0.523,0.779,0.308,NA,NA,NA,NA,NA,NA,NA,NA,NA,NA,NA,NA,NA,NA,NA,,,366.7,NaN,NaN,0.383333369,NaN,NaN,NaN,NaN,NaN,NaN,2.527389318,NaN,NaN,0.571085149,NaN,NaN,NaN,NaN,NaN,NaN,NaN,NaN,NaN
CD38,VH1-FALA,2,T8,NA,NA,NA,NA,NA,NA,NA,NA,NA,NA,NA,NA,NA,NA,NA,NA,NA,0.162,NA,1.822,2.883,NA,0.092,NA,0.213,0.21,NA,0.114,NA,NA,,561,,NaN,NaN,NaN,NaN,NaN,NaN,NaN,NaN,NaN,NaN,NaN,NaN,NaN,NaN,NaN,NaN,NaN,NaN,NaN,NaN,NaN,NaN
Constant,VH1-FALA,2,T8,NA,NA,NA,NA,NA,NA,NA,NA,NA,NA,NA,NA,NA,NA,NA,NA,NA,NA,NA,NA,NA,NA,NA,NA,NA,NA,NA,NA,4.838,10.525,NA,,,1.453774171,3.84168605,NaN,2.287962592,0.168295359,0.273804007,1.682394401,1.092691471,1.040342832,NaN,0.464884495,1.397721909,NaN,NaN,0.135257466,1.645325576,3.555685333,1.825229913,0,0.769771868,NaN,NaN
CD28,VH1-LALA,2,T8,0.142870992,0.089648937,0.360706576,0.150834069,0.338645126,NA,NA,NA,NA,NA,NA,NA,NA,NA,NA,NA,NA,NA,NA,NA,NA,NA,NA,NA,NA,NA,NA,NA,NA,NA,698.5,,,NaN,NaN,NaN,NaN,NaN,NaN,NaN,NaN,NaN,NaN,NaN,NaN,NaN,0.743687355,NaN,NaN,NaN,NaN,NaN,NaN,NaN,NaN
CD3,VH1-LALA,2,T8,NA,NA,NA,NA,NA,6.857,0.112,1.816,1.138,0.717,21.969,0.055,0.368,0.676,0.292,NA,NA,NA,NA,NA,NA,NA,NA,NA,NA,NA,NA,NA,NA,NA,,,508.2,NaN,NaN,1.076813522,NaN,NaN,NaN,NaN,NaN,NaN,1.46346717,NaN,NaN,0.907203527,NaN,NaN,NaN,NaN,NaN,NaN,NaN,NaN,NaN
CD38,VH1-LALA,2,T8,NA,NA,NA,NA,NA,NA,NA,NA,NA,NA,NA,NA,NA,NA,NA,NA,NA,0.187,NA,1.28,1.844,NA,0.129,NA,0.11,0.169,NA,0.105,NA,NA,,757.2,,NaN,NaN,NaN,NaN,NaN,NaN,NaN,NaN,NaN,NaN,NaN,NaN,NaN,NaN,NaN,NaN,NaN,NaN,NaN,NaN,NaN,NaN
Constant,VH1-LALA,2,T8,NA,NA,NA,NA,NA,NA,NA,NA,NA,NA,NA,NA,NA,NA,NA,NA,NA,NA,NA,NA,NA,NA,NA,NA,NA,NA,NA,NA,5.033,17.302,NA,,,2.224152864,4.230856158,NaN,1.857545688,2.25701063,0.700254217,1.360738857,0.97438248,1.069489687,NaN,0,0,NaN,NaN,0.132913653,1.231170687,2.907725868,1.74100433,1.131352993,0,NaN,NaN
CD28,VH1-NNSA,2,T8,0.104212633,0.123036879,0.2092272,0.038588928,0.18908759,NA,NA,NA,NA,NA,NA,NA,NA,NA,NA,NA,NA,NA,NA,NA,NA,NA,NA,NA,NA,NA,NA,NA,NA,NA,573.9,,,NaN,NaN,NaN,NaN,NaN,NaN,NaN,NaN,NaN,NaN,NaN,NaN,NaN,0.501045281,NaN,NaN,NaN,NaN,NaN,NaN,NaN,NaN
CD3,VH1-NNSA,2,T8,NA,NA,NA,NA,NA,7.193,0.096,1.451,1.176,0.728,24.104,0.074,0.428,0.68,0.228,NA,NA,NA,NA,NA,NA,NA,NA,NA,NA,NA,NA,NA,NA,NA,,,344.9,NaN,NaN,0.738030528,NaN,NaN,NaN,NaN,NaN,NaN,1.610796666,NaN,NaN,0.937825435,NaN,NaN,NaN,NaN,NaN,NaN,NaN,NaN,NaN
CD38,VH1-NNSA,2,T8,NA,NA,NA,NA,NA,NA,NA,NA,NA,NA,NA,NA,NA,NA,NA,NA,NA,0.162,NA,1.239,1.872,NA,0.164,NA,0.111,0.06,NA,0.081,NA,NA,,726,,NaN,NaN,NaN,NaN,NaN,NaN,NaN,NaN,NaN,NaN,NaN,NaN,NaN,NaN,NaN,NaN,NaN,NaN,NaN,NaN,NaN,NaN
Constant,VH1-NNSA,2,T8,NA,NA,NA,NA,NA,NA,NA,NA,NA,NA,NA,NA,NA,NA,NA,NA,NA,NA,NA,NA,NA,NA,NA,NA,NA,NA,NA,NA,4.22,14.569,NA,,,1.908705642,3.742370271,NaN,0.999033111,3.22175576,1.185040197,1.804985344,0.826320683,1.245248903,NaN,0,0,NaN,NaN,0.159625194,1.403981291,4.66472692,1.710935188,1.730783406,0,NaN,NaN
CD28,HHY-FALA,3,T8,0.46063164,0.113105628,0.487888354,0.049864388,0.327279889,NA,NA,NA,NA,NA,NA,NA,NA,NA,NA,NA,NA,NA,NA,NA,NA,NA,NA,NA,NA,NA,NA,NA,NA,NA,632.4,,,NaN,NaN,NaN,NaN,NaN,NaN,NaN,NaN,NaN,NaN,NaN,NaN,NaN,0.748816766,NaN,NaN,NaN,NaN,NaN,NaN,NaN,NaN
CD3,HHY-FALA,3,T8,NA,NA,NA,NA,NA,9.718,0.199,1.573,1.21,0.808,31.849,0.134,0.357,0.884,0.307,NA,NA,NA,NA,NA,NA,NA,NA,NA,NA,NA,NA,NA,NA,NA,,,459.6,NaN,NaN,1.061619484,NaN,NaN,NaN,NaN,NaN,NaN,1.843550561,NaN,NaN,0.978146588,NaN,NaN,NaN,NaN,NaN,NaN,NaN,NaN,NaN
CD38,HHY-FALA,3,T8,NA,NA,NA,NA,NA,NA,NA,NA,NA,NA,NA,NA,NA,NA,NA,1.775,1.256,NA,0.082,2.203,NA,0.843,NA,3.638,NA,NA,0.375,NA,NA,NA,,631.3,,NaN,NaN,NaN,NaN,NaN,NaN,NaN,NaN,NaN,NaN,NaN,NaN,NaN,NaN,NaN,NaN,NaN,NaN,NaN,NaN,1.37834069,2.33691217
Constant,HHY-FALA,3,T8,NA,NA,NA,NA,NA,NA,NA,NA,NA,NA,NA,NA,NA,NA,NA,NA,NA,NA,NA,NA,NA,NA,NA,NA,NA,NA,NA,NA,4.178,19.922,NA,,,1.107434152,4.410723819,NaN,0.507216896,0.181440511,0.241460026,3.348702779,1.302778872,2.256205428,NaN,0,0.128409163,NaN,NaN,0.164330605,1.315133319,4.427861982,1.298352786,0,0.683899387,NaN,NaN
CD28,VH1-FALA,3,T8,0.394027863,0.103148421,0.189575871,0.124803272,0.304354348,NA,NA,NA,NA,NA,NA,NA,NA,NA,NA,NA,NA,NA,NA,NA,NA,NA,NA,NA,NA,NA,NA,NA,NA,NA,495.6,,,NaN,NaN,NaN,NaN,NaN,NaN,NaN,NaN,NaN,NaN,NaN,NaN,NaN,0.831411435,NaN,NaN,NaN,NaN,NaN,NaN,NaN,NaN
CD3,VH1-FALA,3,T8,NA,NA,NA,NA,NA,9.197,0.142,1.462,1.291,0.725,30.832,0.102,0.537,0.939,0.422,NA,NA,NA,NA,NA,NA,NA,NA,NA,NA,NA,NA,NA,NA,NA,,,325.3,NaN,NaN,0.492454797,NaN,NaN,NaN,NaN,NaN,NaN,2.407843558,NaN,NaN,1.097903756,NaN,NaN,NaN,NaN,NaN,NaN,NaN,NaN,NaN
CD38,VH1-FALA,3,T8,NA,NA,NA,NA,NA,NA,NA,NA,NA,NA,NA,NA,NA,NA,NA,NA,NA,0.264,NA,1.934,2.878,NA,0.132,NA,0.196,0.242,NA,0.187,NA,NA,,534,,NaN,NaN,NaN,NaN,NaN,NaN,NaN,NaN,NaN,NaN,NaN,NaN,NaN,NaN,NaN,NaN,NaN,NaN,NaN,NaN,NaN,NaN
Constant,VH1-FALA,3,T8,NA,NA,NA,NA,NA,NA,NA,NA,NA,NA,NA,NA,NA,NA,NA,NA,NA,NA,NA,NA,NA,NA,NA,NA,NA,NA,NA,NA,5.113,17.095,NA,,,1.100045015,4.228756944,NaN,2.487761508,0.154989124,0.249825955,2.158575237,1.35028932,1.697175204,NaN,0.576611081,1.513368266,NaN,NaN,0.171833096,1.588821208,3.972775212,2.369726893,0,1.109759213,NaN,NaN
CD28,VH1-LALA,3,T8,0.162973293,0.168138529,0.377409521,0.149597453,0.380785717,NA,NA,NA,NA,NA,NA,NA,NA,NA,NA,NA,NA,NA,NA,NA,NA,NA,NA,NA,NA,NA,NA,NA,NA,NA,614.3,,,NaN,NaN,NaN,NaN,NaN,NaN,NaN,NaN,NaN,NaN,NaN,NaN,NaN,0.73584738,NaN,NaN,NaN,NaN,NaN,NaN,NaN,NaN
CD3,VH1-LALA,3,T8,NA,NA,NA,NA,NA,11.176,0.114,2.183,1.27,0.91,29.287,0.092,0.536,0.927,0.312,NA,NA,NA,NA,NA,NA,NA,NA,NA,NA,NA,NA,NA,NA,NA,,,396.3,NaN,NaN,1.364067134,NaN,NaN,NaN,NaN,NaN,NaN,2.063502236,NaN,NaN,1.286322176,NaN,NaN,NaN,NaN,NaN,NaN,NaN,NaN,NaN
CD38,VH1-LALA,3,T8,NA,NA,NA,NA,NA,NA,NA,NA,NA,NA,NA,NA,NA,NA,NA,NA,NA,0.271,NA,1.257,1.931,NA,0.174,NA,0.143,0.064,NA,0.129,NA,NA,,682.9,,NaN,NaN,NaN,NaN,NaN,NaN,NaN,NaN,NaN,NaN,NaN,NaN,NaN,NaN,NaN,NaN,NaN,NaN,NaN,NaN,NaN,NaN
Constant,VH1-LALA,3,T8,NA,NA,NA,NA,NA,NA,NA,NA,NA,NA,NA,NA,NA,NA,NA,NA,NA,NA,NA,NA,NA,NA,NA,NA,NA,NA,NA,NA,5.744,24.433,NA,,,2.598290438,4.738274003,NaN,2.26409704,2.348252676,0.772559125,2.825508981,1.555185448,1.917995562,NaN,0,0,NaN,NaN,0.153561074,1.275653633,3.302235885,2.307742416,1.749355472,,NaN,NaN
CD28,VH1-NNSA,3,T8,0.105666595,0.189489578,0.215505386,0.031459936,0.191226086,NA,NA,NA,NA,NA,NA,NA,NA,NA,NA,NA,NA,NA,NA,NA,NA,NA,NA,NA,NA,NA,NA,NA,NA,NA,541.4,,,NaN,NaN,NaN,NaN,NaN,NaN,NaN,NaN,NaN,NaN,NaN,NaN,NaN,0.708081429,NaN,NaN,NaN,NaN,NaN,NaN,NaN,NaN
CD3,VH1-NNSA,3,T8,NA,NA,NA,NA,NA,10.308,0.142,1.748,1.148,0.875,30.847,0.192,0.508,0.899,0.213,NA,NA,NA,NA,NA,NA,NA,NA,NA,NA,NA,NA,NA,NA,NA,,,277.8,NaN,NaN,1.064720691,NaN,NaN,NaN,NaN,NaN,NaN,1.743437824,NaN,NaN,1.084597938,NaN,NaN,NaN,NaN,NaN,NaN,NaN,NaN,NaN
CD38,VH1-NNSA,3,T8,NA,NA,NA,NA,NA,NA,NA,NA,NA,NA,NA,NA,NA,NA,NA,NA,NA,0.244,NA,1.339,1.886,NA,0.179,NA,0.123,0.12,NA,0.072,NA,NA,,723,,NaN,NaN,NaN,NaN,NaN,NaN,NaN,NaN,NaN,NaN,NaN,NaN,NaN,NaN,NaN,NaN,NaN,NaN,NaN,NaN,NaN,NaN
Constant,VH1-NNSA,3,T8,NA,NA,NA,NA,NA,NA,NA,NA,NA,NA,NA,NA,NA,NA,NA,NA,NA,NA,NA,NA,NA,NA,NA,NA,NA,NA,NA,NA,5.173,21.016,NA,,,2.684909806,3.724153585,NaN,1.260156373,2.994357901,1.040105671,3.029177584,1.139574829,1.608034341,NaN,0.465939389,0,NaN,NaN,0.159729074,1.355759691,4.830024351,2.13182879,2.487486644,,NaN,NaN
