Region,Construct,Time,Buffer,CD28.D104/108iso,CD28.D73iso,CD28.W105/110ox,CD28.W155/158ox2,CD28.W47ox,CD3.D185iso,CD3.H31/N32frag,CD3.M155ox,CD3.M4ox,CD3.N207deam,CD3.N32/33/35deam,CD3.N32/33frag,CD3.N33/A34frag,CD3.N35/T36frag,CD3.W168ox,CD38.D54iso,CD38.D62iso,CD38.D90iso,CD38.D91/Y92frag,CD38.M34ox,CD38.M37ox,CD38.M4ox,CD38.N59deam,CD38.N74deam,CD38.W100ox,CD38.W110ox2,CD38.W47/52ox,CD38.W47ox2,DTMLSIR,PENNY,CD28.Binding,CD38.Binding,CD3.Binding
CD28,HHY FALA,0,A5,0.275107437,0.001289213,0.257263825,0.049813219,0.188574503,NA,NA,NA,NA,NA,NA,NA,NA,NA,NA,NA,NA,NA,NA,NA,NA,NA,NA,NA,NA,NA,NA,NA,NA,NA,916.4,,
CD28,HHY FALA,0,HSP6,0.258088228,0.000929905,0.365621906,0.037427234,0.146598653,NA,NA,NA,NA,NA,NA,NA,NA,NA,NA,NA,NA,NA,NA,NA,NA,NA,NA,NA,NA,NA,NA,NA,NA,NA,691.9,,
CD28,HHY FALA,0,T8,0.281208858,0.004583719,0.357599474,0.055617255,0.313972571,NA,NA,NA,NA,NA,NA,NA,NA,NA,NA,NA,NA,NA,NA,NA,NA,NA,NA,NA,NA,NA,NA,NA,NA,NA,845.4,,
CD28,HHY FALA,1,A5,0.390560143,0.002130906,0.341143018,0.037583816,0.258577597,NA,NA,NA,NA,NA,NA,NA,NA,NA,NA,NA,NA,NA,NA,NA,NA,NA,NA,NA,NA,NA,NA,NA,NA,NA,978.4,,
CD28,HHY FALA,1,HSP6,0.407658149,7.35E-06,1.371409881,0.034410268,0.306765388,NA,NA,NA,NA,NA,NA,NA,NA,NA,NA,NA,NA,NA,NA,NA,NA,NA,NA,NA,NA,NA,NA,NA,NA,NA,687.3,,
CD28,HHY FALA,1,T8,0.361320166,0.059073503,0.403975289,0.068792809,0.222300744,NA,NA,NA,NA,NA,NA,NA,NA,NA,NA,NA,NA,NA,NA,NA,NA,NA,NA,NA,NA,NA,NA,NA,NA,NA,772.5,,
CD28,HHY FALA,2,A5,0.482787985,0.000896238,0.403181042,0.049010447,0.237138412,NA,NA,NA,NA,NA,NA,NA,NA,NA,NA,NA,NA,NA,NA,NA,NA,NA,NA,NA,NA,NA,NA,NA,NA,NA,894.4,,
CD28,HHY FALA,2,HSP6,0.520125607,0.005147404,1.613085814,0.040883493,0.300657079,NA,NA,NA,NA,NA,NA,NA,NA,NA,NA,NA,NA,NA,NA,NA,NA,NA,NA,NA,NA,NA,NA,NA,NA,NA,750.5,,
CD28,HHY FALA,2,T8,0.410925407,0.048975337,0.392923902,0.058619922,0.207762545,NA,NA,NA,NA,NA,NA,NA,NA,NA,NA,NA,NA,NA,NA,NA,NA,NA,NA,NA,NA,NA,NA,NA,NA,NA,670.8,,
CD28,HHY FALA,3,A5,0.592132508,0.00562289,0.52274757,0.045632734,0.316059637,NA,NA,NA,NA,NA,NA,NA,NA,NA,NA,NA,NA,NA,NA,NA,NA,NA,NA,NA,NA,NA,NA,NA,NA,NA,811.1,,
CD28,HHY FALA,3,HSP6,0.599913808,0.004445332,2.031233579,0.046504007,0.337007486,NA,NA,NA,NA,NA,NA,NA,NA,NA,NA,NA,NA,NA,NA,NA,NA,NA,NA,NA,NA,NA,NA,NA,NA,NA,684.3,,
CD28,HHY FALA,3,T8,0.46063164,0.113105628,0.487888354,0.049864388,0.327279889,NA,NA,NA,NA,NA,NA,NA,NA,NA,NA,NA,NA,NA,NA,NA,NA,NA,NA,NA,NA,NA,NA,NA,NA,NA,632.4,,
CD28,VH1 FALA,0,A5,0.329302187,0,0.151288908,0.127958384,0.266023257,NA,NA,NA,NA,NA,NA,NA,NA,NA,NA,NA,NA,NA,NA,NA,NA,NA,NA,NA,NA,NA,NA,NA,NA,NA,912.2,,
CD28,VH1 FALA,0,HSP6,0.262976876,0,0.190820327,0.109374057,0.130550264,NA,NA,NA,NA,NA,NA,NA,NA,NA,NA,NA,NA,NA,NA,NA,NA,NA,NA,NA,NA,NA,NA,NA,NA,NA,696.5,,
CD28,VH1 FALA,0,T8,0.33769106,0.007179124,0.11716788,0.108883111,0.201782852,NA,NA,NA,NA,NA,NA,NA,NA,NA,NA,NA,NA,NA,NA,NA,NA,NA,NA,NA,NA,NA,NA,NA,NA,NA,677.7,,
CD28,VH1 FALA,1,A5,0.378070266,0,0.288786804,0.127223069,0.306852643,NA,NA,NA,NA,NA,NA,NA,NA,NA,NA,NA,NA,NA,NA,NA,NA,NA,NA,NA,NA,NA,NA,NA,NA,NA,853.6,,
CD28,VH1 FALA,1,HSP6,0.366616733,0,0.508152093,0.121652173,0.222852224,NA,NA,NA,NA,NA,NA,NA,NA,NA,NA,NA,NA,NA,NA,NA,NA,NA,NA,NA,NA,NA,NA,NA,NA,NA,714.9,,
CD28,VH1 FALA,1,T8,0.215495746,0.044934543,0.161407049,0.110834521,0.220949576,NA,NA,NA,NA,NA,NA,NA,NA,NA,NA,NA,NA,NA,NA,NA,NA,NA,NA,NA,NA,NA,NA,NA,NA,NA,602,,
CD28,VH1 FALA,2,A5,0.421249723,0.013084487,0.267280931,0.069997616,0.223224869,NA,NA,NA,NA,NA,NA,NA,NA,NA,NA,NA,NA,NA,NA,NA,NA,NA,NA,NA,NA,NA,NA,NA,NA,NA,795.5,,
CD28,VH1 FALA,2,HSP6,0.278210982,0,0.683166789,0.072248978,0.168902478,NA,NA,NA,NA,NA,NA,NA,NA,NA,NA,NA,NA,NA,NA,NA,NA,NA,NA,NA,NA,NA,NA,NA,NA,NA,696.6,,
CD28,VH1 FALA,2,T8,0.339650318,0.078543045,0.216516822,0.096129315,0.237336129,NA,NA,NA,NA,NA,NA,NA,NA,NA,NA,NA,NA,NA,NA,NA,NA,NA,NA,NA,NA,NA,NA,NA,NA,NA,524.6,,
CD28,VH1 FALA,3,A5,0.516784727,0.002248181,0.322153506,0.101715859,0.362266017,NA,NA,NA,NA,NA,NA,NA,NA,NA,NA,NA,NA,NA,NA,NA,NA,NA,NA,NA,NA,NA,NA,NA,NA,NA,860,,
CD28,VH1 FALA,3,HSP6,0.436500498,0,0.95419755,0.092616759,0.195788366,NA,NA,NA,NA,NA,NA,NA,NA,NA,NA,NA,NA,NA,NA,NA,NA,NA,NA,NA,NA,NA,NA,NA,NA,NA,643.5,,
CD28,VH1 FALA,3,T8,0.394027863,0.103148421,0.189575871,0.124803272,0.304354348,NA,NA,NA,NA,NA,NA,NA,NA,NA,NA,NA,NA,NA,NA,NA,NA,NA,NA,NA,NA,NA,NA,NA,NA,NA,495.6,,
CD28,VH1 LALA,0,A5,0.081392959,0,0.211966527,0.129472684,0.356427369,NA,NA,NA,NA,NA,NA,NA,NA,NA,NA,NA,NA,NA,NA,NA,NA,NA,NA,NA,NA,NA,NA,NA,NA,NA,953.6,,
CD28,VH1 LALA,0,HSP6,0.082716162,0.006716332,0.253808168,0.077095601,0.170434104,NA,NA,NA,NA,NA,NA,NA,NA,NA,NA,NA,NA,NA,NA,NA,NA,NA,NA,NA,NA,NA,NA,NA,NA,NA,790.8,,
CD28,VH1 LALA,0,T8,0.075270855,0.00370422,0.194502297,0.123458593,0.26905275,NA,NA,NA,NA,NA,NA,NA,NA,NA,NA,NA,NA,NA,NA,NA,NA,NA,NA,NA,NA,NA,NA,NA,NA,NA,789.8,,
CD28,VH1 LALA,1,A5,0.124184065,0.00063819,0.37273961,0.069732294,0.423272634,NA,NA,NA,NA,NA,NA,NA,NA,NA,NA,NA,NA,NA,NA,NA,NA,NA,NA,NA,NA,NA,NA,NA,NA,NA,849.6,,
CD28,VH1 LALA,1,HSP6,0.116155,0,0.597346335,0.084556503,0.21013393,NA,NA,NA,NA,NA,NA,NA,NA,NA,NA,NA,NA,NA,NA,NA,NA,NA,NA,NA,NA,NA,NA,NA,NA,NA,781.1,,
CD28,VH1 LALA,1,T8,0.108063743,0.008163347,0.249999798,0.144913088,0.320455399,NA,NA,NA,NA,NA,NA,NA,NA,NA,NA,NA,NA,NA,NA,NA,NA,NA,NA,NA,NA,NA,NA,NA,NA,NA,762.2,,
CD28,VH1 LALA,2,A5,0.169312789,0.019591471,0.443791423,0.111923815,0.442818882,NA,NA,NA,NA,NA,NA,NA,NA,NA,NA,NA,NA,NA,NA,NA,NA,NA,NA,NA,NA,NA,NA,NA,NA,NA,911.2,,
CD28,VH1 LALA,2,HSP6,0.156547629,0,0.845184173,0.123610539,0.271161365,NA,NA,NA,NA,NA,NA,NA,NA,NA,NA,NA,NA,NA,NA,NA,NA,NA,NA,NA,NA,NA,NA,NA,NA,NA,766.9,,
CD28,VH1 LALA,2,T8,0.142870992,0.089648937,0.360706576,0.150834069,0.338645126,NA,NA,NA,NA,NA,NA,NA,NA,NA,NA,NA,NA,NA,NA,NA,NA,NA,NA,NA,NA,NA,NA,NA,NA,NA,698.5,,
CD28,VH1 LALA,3,A5,0.225285189,0.001217319,0.541284027,0.082007338,0.543017924,NA,NA,NA,NA,NA,NA,NA,NA,NA,NA,NA,NA,NA,NA,NA,NA,NA,NA,NA,NA,NA,NA,NA,NA,NA,832,,
CD28,VH1 LALA,3,HSP6,0.214640338,0,1.144598534,0.069468032,0.257835198,NA,NA,NA,NA,NA,NA,NA,NA,NA,NA,NA,NA,NA,NA,NA,NA,NA,NA,NA,NA,NA,NA,NA,NA,NA,755,,
CD28,VH1 LALA,3,T8,0.162973293,0.168138529,0.377409521,0.149597453,0.380785717,NA,NA,NA,NA,NA,NA,NA,NA,NA,NA,NA,NA,NA,NA,NA,NA,NA,NA,NA,NA,NA,NA,NA,NA,NA,614.3,,
CD28,VH1 NNSA,0,A5,0.084362957,0,0.132188897,0.042373981,0.163639065,NA,NA,NA,NA,NA,NA,NA,NA,NA,NA,NA,NA,NA,NA,NA,NA,NA,NA,NA,NA,NA,NA,NA,NA,NA,884.5,,
CD28,VH1 NNSA,0,HSP6,0.100182297,0.000971415,0.148659059,0.035109541,0.084451504,NA,NA,NA,NA,NA,NA,NA,NA,NA,NA,NA,NA,NA,NA,NA,NA,NA,NA,NA,NA,NA,NA,NA,NA,NA,859.9,,
CD28,VH1 NNSA,0,T8,0.068228641,0,0.137045534,0.043317032,0.124592488,NA,NA,NA,NA,NA,NA,NA,NA,NA,NA,NA,NA,NA,NA,NA,NA,NA,NA,NA,NA,NA,NA,NA,NA,NA,761.9,,
CD28,VH1 NNSA,1,A5,0.128517217,0,0.171136266,0.059278582,0.161735324,NA,NA,NA,NA,NA,NA,NA,NA,NA,NA,NA,NA,NA,NA,NA,NA,NA,NA,NA,NA,NA,NA,NA,NA,NA,866.6,,
CD28,VH1 NNSA,1,HSP6,0.116659048,0.001618921,0.34149225,0.0383117,0.115749821,NA,NA,NA,NA,NA,NA,NA,NA,NA,NA,NA,NA,NA,NA,NA,NA,NA,NA,NA,NA,NA,NA,NA,NA,NA,824.4,,
CD28,VH1 NNSA,1,T8,0,0,0,0,0,NA,NA,NA,NA,NA,NA,NA,NA,NA,NA,NA,NA,NA,NA,NA,NA,NA,NA,NA,NA,NA,NA,NA,NA,NA,677.9,,
CD28,VH1 NNSA,2,A5,0.145943466,0.001067575,0.209927156,0.024710419,0.228497276,NA,NA,NA,NA,NA,NA,NA,NA,NA,NA,NA,NA,NA,NA,NA,NA,NA,NA,NA,NA,NA,NA,NA,NA,NA,889.5,,
CD28,VH1 NNSA,2,HSP6,0.181090804,0,0.775401883,0.056004896,0.114353303,NA,NA,NA,NA,NA,NA,NA,NA,NA,NA,NA,NA,NA,NA,NA,NA,NA,NA,NA,NA,NA,NA,NA,NA,NA,836.2,,
CD28,VH1 NNSA,2,T8,0.104212633,0.123036879,0.2092272,0.038588928,0.18908759,NA,NA,NA,NA,NA,NA,NA,NA,NA,NA,NA,NA,NA,NA,NA,NA,NA,NA,NA,NA,NA,NA,NA,NA,NA,573.9,,
CD28,VH1 NNSA,3,A5,0.148460404,0.00049611,0.225401687,0.023981429,0.19468474,NA,NA,NA,NA,NA,NA,NA,NA,NA,NA,NA,NA,NA,NA,NA,NA,NA,NA,NA,NA,NA,NA,NA,NA,NA,892,,
CD28,VH1 NNSA,3,HSP6,0.15976959,0,0.593293469,0.017196919,0.119802063,NA,NA,NA,NA,NA,NA,NA,NA,NA,NA,NA,NA,NA,NA,NA,NA,NA,NA,NA,NA,NA,NA,NA,NA,NA,768.4,,
CD28,VH1 NNSA,3,T8,0.105666595,0.189489578,0.215505386,0.031459936,0.191226086,NA,NA,NA,NA,NA,NA,NA,NA,NA,NA,NA,NA,NA,NA,NA,NA,NA,NA,NA,NA,NA,NA,NA,NA,NA,541.4,,
CD3,HHY FALA,0,A5,NA,NA,NA,NA,NA,0.069,0.123,1.6,1.055,0.254,5.492,0.023,0.071,0.384,0.237,NA,NA,NA,NA,NA,NA,NA,NA,NA,NA,NA,NA,NA,NA,NA,,,933
CD3,HHY FALA,0,HSP6,NA,NA,NA,NA,NA,0.067,0.11,0.729,0.852,0.251,6.021,0.018,0.074,0.365,0.135,NA,NA,NA,NA,NA,NA,NA,NA,NA,NA,NA,NA,NA,NA,NA,,,851.8
CD3,HHY FALA,0,T8,NA,NA,NA,NA,NA,0.257,0.108,1.531,1.139,0.284,6.449,0.025,0.063,0.311,0.574,NA,NA,NA,NA,NA,NA,NA,NA,NA,NA,NA,NA,NA,NA,NA,,,814.2
CD3,HHY FALA,1,A5,NA,NA,NA,NA,NA,0.074,0.065,1.461,1.122,0.226,8.457,0.016,0.064,0.245,0.234,NA,NA,NA,NA,NA,NA,NA,NA,NA,NA,NA,NA,NA,NA,NA,,,986.6
CD3,HHY FALA,1,HSP6,NA,NA,NA,NA,NA,0.172,0.125,0.937,0.818,0.242,9.649,0.029,0.092,0.368,0.174,NA,NA,NA,NA,NA,NA,NA,NA,NA,NA,NA,NA,NA,NA,NA,,,820.8
CD3,HHY FALA,1,T8,NA,NA,NA,NA,NA,4.508,0.078,1.592,1.008,0.529,18.212,0.089,0.229,0.512,0.181,NA,NA,NA,NA,NA,NA,NA,NA,NA,NA,NA,NA,NA,NA,NA,,,676.3
CD3,HHY FALA,2,A5,NA,NA,NA,NA,NA,0.091,0.109,1.668,1.226,0.263,13.891,0.027,0.102,0.336,0.221,NA,NA,NA,NA,NA,NA,NA,NA,NA,NA,NA,NA,NA,NA,NA,,,892.3
CD3,HHY FALA,2,HSP6,NA,NA,NA,NA,NA,0.137,0.133,0.896,1.102,0.289,13.535,0.034,0.135,0.397,0.141,NA,NA,NA,NA,NA,NA,NA,NA,NA,NA,NA,NA,NA,NA,NA,,,830.3
CD3,HHY FALA,2,T8,NA,NA,NA,NA,NA,4.953,0.086,1.567,0.88,0.515,18.791,0.089,0.227,0.538,0.164,NA,NA,NA,NA,NA,NA,NA,NA,NA,NA,NA,NA,NA,NA,NA,,,530.4
CD3,HHY FALA,3,A5,NA,NA,NA,NA,NA,0.093,0.12,1.501,1.398,0.295,17.813,0.06,0.117,0.376,0.259,NA,NA,NA,NA,NA,NA,NA,NA,NA,NA,NA,NA,NA,NA,NA,,,780.5
CD3,HHY FALA,3,HSP6,NA,NA,NA,NA,NA,0.227,0.21,0.834,1.013,0.323,16.366,0.064,0.163,0.437,0.161,NA,NA,NA,NA,NA,NA,NA,NA,NA,NA,NA,NA,NA,NA,NA,,,772.7
CD3,HHY FALA,3,T8,NA,NA,NA,NA,NA,9.718,0.199,1.573,1.21,0.808,31.849,0.134,0.357,0.884,0.307,NA,NA,NA,NA,NA,NA,NA,NA,NA,NA,NA,NA,NA,NA,NA,,,459.6
CD3,VH1 FALA,0,A5,NA,NA,NA,NA,NA,0.073,0.042,1.387,1.059,0.149,4.297,0.009,0.089,0.323,0.3,NA,NA,NA,NA,NA,NA,NA,NA,NA,NA,NA,NA,NA,NA,NA,,,903.3
CD3,VH1 FALA,0,HSP6,NA,NA,NA,NA,NA,0.07,0.075,0.963,0.792,0.202,4.789,0.016,0.118,0.386,0.183,NA,NA,NA,NA,NA,NA,NA,NA,NA,NA,NA,NA,NA,NA,NA,,,874.9
CD3,VH1 FALA,0,T8,NA,NA,NA,NA,NA,0.239,0.081,1.577,1.294,0.236,4.715,0.017,0.144,0.391,0.325,NA,NA,NA,NA,NA,NA,NA,NA,NA,NA,NA,NA,NA,NA,NA,,,596.5
CD3,VH1 FALA,1,A5,NA,NA,NA,NA,NA,0.066,0.064,1.207,1.264,0.201,8.234,0.022,0.074,0.375,0.288,NA,NA,NA,NA,NA,NA,NA,NA,NA,NA,NA,NA,NA,NA,NA,,,864.7
CD3,VH1 FALA,1,HSP6,NA,NA,NA,NA,NA,0.113,0.101,0.909,0.899,0.177,9.445,0.025,0.156,0.434,0.222,NA,NA,NA,NA,NA,NA,NA,NA,NA,NA,NA,NA,NA,NA,NA,,,866.3
CD3,VH1 FALA,1,T8,NA,NA,NA,NA,NA,3.204,0.09,1.582,1.153,0.382,15.581,0.061,0.296,0.572,0.358,NA,NA,NA,NA,NA,NA,NA,NA,NA,NA,NA,NA,NA,NA,NA,,,472.8
CD3,VH1 FALA,2,A5,NA,NA,NA,NA,NA,0.094,0.064,1.163,1.011,0.184,12.355,0.032,0.208,0.374,0.228,NA,NA,NA,NA,NA,NA,NA,NA,NA,NA,NA,NA,NA,NA,NA,,,752.8
CD3,VH1 FALA,2,HSP6,NA,NA,NA,NA,NA,0.186,0.119,0.879,0.692,0.232,13.537,0.055,0.173,0.424,0.159,NA,NA,NA,NA,NA,NA,NA,NA,NA,NA,NA,NA,NA,NA,NA,,,824.9
CD3,VH1 FALA,2,T8,NA,NA,NA,NA,NA,6.434,0.135,2.022,1.286,0.578,24.3,0.061,0.523,0.779,0.308,NA,NA,NA,NA,NA,NA,NA,NA,NA,NA,NA,NA,NA,NA,NA,,,366.7
CD3,VH1 FALA,3,A5,NA,NA,NA,NA,NA,0.118,0.067,1.379,1.187,0.201,16.685,0.043,0.209,0.365,0.357,NA,NA,NA,NA,NA,NA,NA,NA,NA,NA,NA,NA,NA,NA,NA,,,781.6
CD3,VH1 FALA,3,HSP6,NA,NA,NA,NA,NA,0.239,0.134,0.897,0.783,0.222,18.22,0.072,0.21,0.498,0.191,NA,NA,NA,NA,NA,NA,NA,NA,NA,NA,NA,NA,NA,NA,NA,,,751.4
CD3,VH1 FALA,3,T8,NA,NA,NA,NA,NA,9.197,0.142,1.462,1.291,0.725,30.832,0.102,0.537,0.939,0.422,NA,NA,NA,NA,NA,NA,NA,NA,NA,NA,NA,NA,NA,NA,NA,,,325.3
CD3,VH1 LALA,0,A5,NA,NA,NA,NA,NA,0.092,0.081,1.495,1.169,0.156,3.767,0.01,0.077,0.369,0.297,NA,NA,NA,NA,NA,NA,NA,NA,NA,NA,NA,NA,NA,NA,NA,,,939.5
CD3,VH1 LALA,0,HSP6,NA,NA,NA,NA,NA,0.081,0.099,0.78,0.684,0.149,4.274,0.014,0.116,0.341,0.136,NA,NA,NA,NA,NA,NA,NA,NA,NA,NA,NA,NA,NA,NA,NA,,,885.8
CD3,VH1 LALA,0,T8,NA,NA,NA,NA,NA,0.304,0.076,1.221,0.97,0.184,4.299,0.014,0.079,0.337,0.268,NA,NA,NA,NA,NA,NA,NA,NA,NA,NA,NA,NA,NA,NA,NA,,,741.6
CD3,VH1 LALA,1,A5,NA,NA,NA,NA,NA,0.095,0.087,1.241,1.161,0.162,7.388,0.014,0.091,0.39,0.224,NA,NA,NA,NA,NA,NA,NA,NA,NA,NA,NA,NA,NA,NA,NA,,,818.9
CD3,VH1 LALA,1,HSP6,NA,NA,NA,NA,NA,0.148,0.083,1.001,0.823,0.172,7.978,0.016,0.161,0.353,0.183,NA,NA,NA,NA,NA,NA,NA,NA,NA,NA,NA,NA,NA,NA,NA,,,852.7
CD3,VH1 LALA,1,T8,NA,NA,NA,NA,NA,3.607,0.128,1.606,1.066,0.419,14.261,0.038,0.191,0.485,0.256,NA,NA,NA,NA,NA,NA,NA,NA,NA,NA,NA,NA,NA,NA,NA,,,621.6
CD3,VH1 LALA,2,A5,NA,NA,NA,NA,NA,0.102,0.092,1.441,1.187,0.15,10.976,0.027,0.109,0.353,0.244,NA,NA,NA,NA,NA,NA,NA,NA,NA,NA,NA,NA,NA,NA,NA,,,855.1
CD3,VH1 LALA,2,HSP6,NA,NA,NA,NA,NA,0.225,0.107,1.026,0.826,0.178,12.125,0.033,0.183,0.454,0.184,NA,NA,NA,NA,NA,NA,NA,NA,NA,NA,NA,NA,NA,NA,NA,,,821.9
CD3,VH1 LALA,2,T8,NA,NA,NA,NA,NA,6.857,0.112,1.816,1.138,0.717,21.969,0.055,0.368,0.676,0.292,NA,NA,NA,NA,NA,NA,NA,NA,NA,NA,NA,NA,NA,NA,NA,,,508.2
CD3,VH1 LALA,3,A5,NA,NA,NA,NA,NA,0.136,0.123,1.459,1.262,0.229,16.217,0.045,0.193,0.397,0.291,NA,NA,NA,NA,NA,NA,NA,NA,NA,NA,NA,NA,NA,NA,NA,,,758.8
CD3,VH1 LALA,3,HSP6,NA,NA,NA,NA,NA,0.256,0.109,0.823,0.819,0.263,16.705,0.059,0.299,0.433,0.197,NA,NA,NA,NA,NA,NA,NA,NA,NA,NA,NA,NA,NA,NA,NA,,,793.1
CD3,VH1 LALA,3,T8,NA,NA,NA,NA,NA,11.176,0.114,2.183,1.27,0.91,29.287,0.092,0.536,0.927,0.312,NA,NA,NA,NA,NA,NA,NA,NA,NA,NA,NA,NA,NA,NA,NA,,,396.3
CD3,VH1 NNSA,0,A5,NA,NA,NA,NA,NA,0.061,0.1,0.898,1.081,0.151,3.77,0.018,0.037,0.18,0.214,NA,NA,NA,NA,NA,NA,NA,NA,NA,NA,NA,NA,NA,NA,NA,,,868
CD3,VH1 NNSA,0,HSP6,NA,NA,NA,NA,NA,0.066,0.103,0.763,0.759,0.165,4.444,0.021,0.043,0.347,0.131,NA,NA,NA,NA,NA,NA,NA,NA,NA,NA,NA,NA,NA,NA,NA,,,945.2
CD3,VH1 NNSA,0,T8,NA,NA,NA,NA,NA,0.254,0.068,1.159,1.03,0.166,3.895,0.025,0.037,0.187,0.189,NA,NA,NA,NA,NA,NA,NA,NA,NA,NA,NA,NA,NA,NA,NA,,,674.1
CD3,VH1 NNSA,1,A5,NA,NA,NA,NA,NA,0.087,0.086,1.355,1.138,0.194,7.656,0.04,0.099,0.355,0.26,NA,NA,NA,NA,NA,NA,NA,NA,NA,NA,NA,NA,NA,NA,NA,,,820.9
CD3,VH1 NNSA,1,HSP6,NA,NA,NA,NA,NA,0.133,0.161,1.025,1.056,0.185,8.566,0.042,0.08,0.358,0.145,NA,NA,NA,NA,NA,NA,NA,NA,NA,NA,NA,NA,NA,NA,NA,,,876.3
CD3,VH1 NNSA,1,T8,NA,NA,NA,NA,NA,0,0,0,0,0,0,0,0,0,0,NA,NA,NA,NA,NA,NA,NA,NA,NA,NA,NA,NA,NA,NA,NA,,,484.9
CD3,VH1 NNSA,2,A5,NA,NA,NA,NA,NA,0.079,0.117,1.4,1.266,0.163,11.791,0.055,0.245,0.347,0.276,NA,NA,NA,NA,NA,NA,NA,NA,NA,NA,NA,NA,NA,NA,NA,,,809.6
CD3,VH1 NNSA,2,HSP6,NA,NA,NA,NA,NA,0.184,0.142,1.978,2.844,0.168,12.97,0.185,0.12,0.412,0.173,NA,NA,NA,NA,NA,NA,NA,NA,NA,NA,NA,NA,NA,NA,NA,,,829.3
CD3,VH1 NNSA,2,T8,NA,NA,NA,NA,NA,7.193,0.096,1.451,1.176,0.728,24.104,0.074,0.428,0.68,0.228,NA,NA,NA,NA,NA,NA,NA,NA,NA,NA,NA,NA,NA,NA,NA,,,344.9
CD3,VH1 NNSA,3,A5,NA,NA,NA,NA,NA,0.132,0.084,1.351,1.418,0.171,14.932,0.058,0.118,0.369,0.236,NA,NA,NA,NA,NA,NA,NA,NA,NA,NA,NA,NA,NA,NA,NA,,,789.5
CD3,VH1 NNSA,3,HSP6,NA,NA,NA,NA,NA,0.222,0.159,0.897,0.994,0.259,16.531,0.077,0.193,0.448,0.158,NA,NA,NA,NA,NA,NA,NA,NA,NA,NA,NA,NA,NA,NA,NA,,,760
CD3,VH1 NNSA,3,T8,NA,NA,NA,NA,NA,10.308,0.142,1.748,1.148,0.875,30.847,0.192,0.508,0.899,0.213,NA,NA,NA,NA,NA,NA,NA,NA,NA,NA,NA,NA,NA,NA,NA,,,277.8
CD38,HHY FALA,0,A5,NA,NA,NA,NA,NA,NA,NA,NA,NA,NA,NA,NA,NA,NA,NA,0.213,0.046,NA,0.091,1.921,NA,0.614,NA,0.288,NA,NA,0.417,NA,NA,NA,,910.9,
CD38,HHY FALA,0,HSP6,NA,NA,NA,NA,NA,NA,NA,NA,NA,NA,NA,NA,NA,NA,NA,0.192,0.107,NA,0.054,0.641,NA,0.441,NA,0.112,NA,NA,0.244,NA,NA,NA,,1016,
CD38,HHY FALA,0,T8,NA,NA,NA,NA,NA,NA,NA,NA,NA,NA,NA,NA,NA,NA,NA,0.257,0.144,NA,0.094,1.478,NA,0.792,NA,0.121,NA,NA,0.662,NA,NA,NA,,855.6,
CD38,HHY FALA,1,A5,NA,NA,NA,NA,NA,NA,NA,NA,NA,NA,NA,NA,NA,NA,NA,0.741,0.082,NA,0.206,1.404,NA,0.638,NA,0.336,NA,NA,0.351,NA,NA,NA,,976.4,
CD38,HHY FALA,1,HSP6,NA,NA,NA,NA,NA,NA,NA,NA,NA,NA,NA,NA,NA,NA,NA,0.614,0.079,NA,0.058,0.862,NA,0.465,NA,0.204,NA,NA,0.581,NA,NA,NA,,998,
CD38,HHY FALA,1,T8,NA,NA,NA,NA,NA,NA,NA,NA,NA,NA,NA,NA,NA,NA,NA,0.975,0.406,NA,1.07,1.313,NA,0.763,NA,1.454,NA,NA,0.291,NA,NA,NA,,789.9,
CD38,HHY FALA,2,A5,NA,NA,NA,NA,NA,NA,NA,NA,NA,NA,NA,NA,NA,NA,NA,1.484,0.093,NA,0.485,1.486,NA,0.671,NA,0.225,NA,NA,0.387,NA,NA,NA,,870.9,
CD38,HHY FALA,2,HSP6,NA,NA,NA,NA,NA,NA,NA,NA,NA,NA,NA,NA,NA,NA,NA,1.244,0.23,NA,0.111,0.75,NA,0.599,NA,0.265,NA,NA,0.615,NA,NA,NA,,993.1,
CD38,HHY FALA,2,T8,NA,NA,NA,NA,NA,NA,NA,NA,NA,NA,NA,NA,NA,NA,NA,1.026,0.893,NA,0.31,1.557,NA,0.577,NA,1.689,NA,NA,0.362,NA,NA,NA,,677.6,
CD38,HHY FALA,3,A5,NA,NA,NA,NA,NA,NA,NA,NA,NA,NA,NA,NA,NA,NA,NA,2.201,0.103,NA,0.307,1.791,NA,0.696,NA,0.195,NA,NA,0.419,NA,NA,NA,,804,
CD38,HHY FALA,3,HSP6,NA,NA,NA,NA,NA,NA,NA,NA,NA,NA,NA,NA,NA,NA,NA,1.921,0.061,NA,0.073,0.84,NA,0.509,NA,0.316,NA,NA,0.726,NA,NA,NA,,964.2,
CD38,HHY FALA,3,T8,NA,NA,NA,NA,NA,NA,NA,NA,NA,NA,NA,NA,NA,NA,NA,1.775,1.256,NA,0.082,2.203,NA,0.843,NA,3.638,NA,NA,0.375,NA,NA,NA,,631.3,
CD38,VH1 FALA,0,A5,NA,NA,NA,NA,NA,NA,NA,NA,NA,NA,NA,NA,NA,NA,NA,NA,NA,0,NA,1.726,2.009,NA,0.052,NA,0.101,0.317,NA,0.135,NA,NA,,926.8,
CD38,VH1 FALA,0,HSP6,NA,NA,NA,NA,NA,NA,NA,NA,NA,NA,NA,NA,NA,NA,NA,NA,NA,0,NA,1.032,1.021,NA,0.052,NA,0.141,0.038,NA,0.07,NA,NA,,983.7,
CD38,VH1 FALA,0,T8,NA,NA,NA,NA,NA,NA,NA,NA,NA,NA,NA,NA,NA,NA,NA,NA,NA,0,NA,1.711,2.191,NA,0.014,NA,0.221,0.141,NA,0.122,NA,NA,,695,
CD38,VH1 FALA,1,A5,NA,NA,NA,NA,NA,NA,NA,NA,NA,NA,NA,NA,NA,NA,NA,NA,NA,0,NA,1.582,1.966,NA,0.087,NA,0.17,0.234,NA,0.125,NA,NA,,910.3,
CD38,VH1 FALA,1,HSP6,NA,NA,NA,NA,NA,NA,NA,NA,NA,NA,NA,NA,NA,NA,NA,NA,NA,0.002,NA,0.965,1.02,NA,0.008,NA,0.144,0.116,NA,0.086,NA,NA,,994.3,
CD38,VH1 FALA,1,T8,NA,NA,NA,NA,NA,NA,NA,NA,NA,NA,NA,NA,NA,NA,NA,NA,NA,0.084,NA,1.773,2.023,NA,0.052,NA,0.209,0.239,NA,0.131,NA,NA,,633.7,
CD38,VH1 FALA,2,A5,NA,NA,NA,NA,NA,NA,NA,NA,NA,NA,NA,NA,NA,NA,NA,NA,NA,0,NA,1.41,1.49,NA,0.085,NA,0.192,0.153,NA,0.125,NA,NA,,807.7,
CD38,VH1 FALA,2,HSP6,NA,NA,NA,NA,NA,NA,NA,NA,NA,NA,NA,NA,NA,NA,NA,NA,NA,0,NA,0.812,0.859,NA,0.039,NA,0.139,0.079,NA,0.048,NA,NA,,984.6,
CD38,VH1 FALA,2,T8,NA,NA,NA,NA,NA,NA,NA,NA,NA,NA,NA,NA,NA,NA,NA,NA,NA,0.162,NA,1.822,2.883,NA,0.092,NA,0.213,0.21,NA,0.114,NA,NA,,561,
CD38,VH1 FALA,3,A5,NA,NA,NA,NA,NA,NA,NA,NA,NA,NA,NA,NA,NA,NA,NA,NA,NA,0,NA,1.814,1.978,NA,0.024,NA,0.177,0.185,NA,0.167,NA,NA,,874.3,
CD38,VH1 FALA,3,HSP6,NA,NA,NA,NA,NA,NA,NA,NA,NA,NA,NA,NA,NA,NA,NA,NA,NA,0.004,NA,0.946,1.111,NA,0.016,NA,0.15,0.091,NA,0.078,NA,NA,,948.4,
CD38,VH1 FALA,3,T8,NA,NA,NA,NA,NA,NA,NA,NA,NA,NA,NA,NA,NA,NA,NA,NA,NA,0.264,NA,1.934,2.878,NA,0.132,NA,0.196,0.242,NA,0.187,NA,NA,,534,
CD38,VH1 LALA,0,A5,NA,NA,NA,NA,NA,NA,NA,NA,NA,NA,NA,NA,NA,NA,NA,NA,NA,0,NA,1.22,1.736,NA,0.053,NA,0.143,0.126,NA,0.114,NA,NA,,957.4,
CD38,VH1 LALA,0,HSP6,NA,NA,NA,NA,NA,NA,NA,NA,NA,NA,NA,NA,NA,NA,NA,NA,NA,0,NA,0.676,1.019,NA,0.023,NA,0.114,0.099,NA,0.061,NA,NA,,978.8,
CD38,VH1 LALA,0,T8,NA,NA,NA,NA,NA,NA,NA,NA,NA,NA,NA,NA,NA,NA,NA,NA,NA,0,NA,1.072,1.937,NA,0.031,NA,0.142,0.146,NA,0.094,NA,NA,,815.3,
CD38,VH1 LALA,1,A5,NA,NA,NA,NA,NA,NA,NA,NA,NA,NA,NA,NA,NA,NA,NA,NA,NA,0,NA,1.041,1.545,NA,0.044,NA,0.155,0.097,NA,0.131,NA,NA,,860.2,
CD38,VH1 LALA,1,HSP6,NA,NA,NA,NA,NA,NA,NA,NA,NA,NA,NA,NA,NA,NA,NA,NA,NA,0,NA,0.855,1.017,NA,0.058,NA,0.112,0.025,NA,0.048,NA,NA,,974.2,
CD38,VH1 LALA,1,T8,NA,NA,NA,NA,NA,NA,NA,NA,NA,NA,NA,NA,NA,NA,NA,NA,NA,0.103,NA,1.308,1.988,NA,0.098,NA,0.149,0.171,NA,0.114,NA,NA,,807.4,
CD38,VH1 LALA,2,A5,NA,NA,NA,NA,NA,NA,NA,NA,NA,NA,NA,NA,NA,NA,NA,NA,NA,0,NA,1.152,1.512,NA,0.044,NA,0.125,0.188,NA,0.076,NA,NA,,929.2,
CD38,VH1 LALA,2,HSP6,NA,NA,NA,NA,NA,NA,NA,NA,NA,NA,NA,NA,NA,NA,NA,NA,NA,0,NA,0.779,1.21,NA,0.038,NA,0.081,0.053,NA,0.041,NA,NA,,976.8,
CD38,VH1 LALA,2,T8,NA,NA,NA,NA,NA,NA,NA,NA,NA,NA,NA,NA,NA,NA,NA,NA,NA,0.187,NA,1.28,1.844,NA,0.129,NA,0.11,0.169,NA,0.105,NA,NA,,757.2,
CD38,VH1 LALA,3,A5,NA,NA,NA,NA,NA,NA,NA,NA,NA,NA,NA,NA,NA,NA,NA,NA,NA,0,NA,1.103,1.547,NA,0.035,NA,0.129,0.108,NA,0.084,NA,NA,,856.4,
CD38,VH1 LALA,3,HSP6,NA,NA,NA,NA,NA,NA,NA,NA,NA,NA,NA,NA,NA,NA,NA,NA,NA,0.006,NA,0.771,1.08,NA,0.024,NA,0.079,0.065,NA,0.047,NA,NA,,978.2,
CD38,VH1 LALA,3,T8,NA,NA,NA,NA,NA,NA,NA,NA,NA,NA,NA,NA,NA,NA,NA,NA,NA,0.271,NA,1.257,1.931,NA,0.174,NA,0.143,0.064,NA,0.129,NA,NA,,682.9,
CD38,VH1 NNSA,0,A5,NA,NA,NA,NA,NA,NA,NA,NA,NA,NA,NA,NA,NA,NA,NA,NA,NA,0,NA,0.725,1.25,NA,0.04,NA,0.1,0.084,NA,0.062,NA,NA,,890,
CD38,VH1 NNSA,0,HSP6,NA,NA,NA,NA,NA,NA,NA,NA,NA,NA,NA,NA,NA,NA,NA,NA,NA,0,NA,0.606,0.866,NA,0.05,NA,0.084,0.006,NA,0.047,NA,NA,,1055,
CD38,VH1 NNSA,0,T8,NA,NA,NA,NA,NA,NA,NA,NA,NA,NA,NA,NA,NA,NA,NA,NA,NA,0,NA,0.787,1.922,NA,0.027,NA,0.08,0.143,NA,0.042,NA,NA,,872.8,
CD38,VH1 NNSA,1,A5,NA,NA,NA,NA,NA,NA,NA,NA,NA,NA,NA,NA,NA,NA,NA,NA,NA,0,NA,1.041,1.858,NA,0.033,NA,0.126,0.053,NA,0.061,NA,NA,,885.8,
CD38,VH1 NNSA,1,HSP6,NA,NA,NA,NA,NA,NA,NA,NA,NA,NA,NA,NA,NA,NA,NA,NA,NA,0,NA,0.701,1.071,NA,0.047,NA,0.092,0.027,NA,0.045,NA,NA,,1044,
CD38,VH1 NNSA,1,T8,NA,NA,NA,NA,NA,NA,NA,NA,NA,NA,NA,NA,NA,NA,NA,NA,NA,0,NA,0,0,NA,0,NA,0,0,NA,0,NA,NA,,833.4,
CD38,VH1 NNSA,2,A5,NA,NA,NA,NA,NA,NA,NA,NA,NA,NA,NA,NA,NA,NA,NA,NA,NA,0,NA,1.126,1.857,NA,0.032,NA,0.124,0.09,NA,0.093,NA,NA,,911.2,
CD38,VH1 NNSA,2,HSP6,NA,NA,NA,NA,NA,NA,NA,NA,NA,NA,NA,NA,NA,NA,NA,NA,NA,0,NA,1.138,1.622,NA,0.02,NA,0.093,0.006,NA,0.051,NA,NA,,1038,
CD38,VH1 NNSA,2,T8,NA,NA,NA,NA,NA,NA,NA,NA,NA,NA,NA,NA,NA,NA,NA,NA,NA,0.162,NA,1.239,1.872,NA,0.164,NA,0.111,0.06,NA,0.081,NA,NA,,726,
CD38,VH1 NNSA,3,A5,NA,NA,NA,NA,NA,NA,NA,NA,NA,NA,NA,NA,NA,NA,NA,NA,NA,0.004,NA,0.954,1.567,NA,0.037,NA,0.111,0.145,NA,0.082,NA,NA,,958.4,
CD38,VH1 NNSA,3,HSP6,NA,NA,NA,NA,NA,NA,NA,NA,NA,NA,NA,NA,NA,NA,NA,NA,NA,0,NA,0.698,0.962,NA,0.054,NA,0.086,0.015,NA,0.046,NA,NA,,1025,
CD38,VH1 NNSA,3,T8,NA,NA,NA,NA,NA,NA,NA,NA,NA,NA,NA,NA,NA,NA,NA,NA,NA,0.244,NA,1.339,1.886,NA,0.179,NA,0.123,0.12,NA,0.072,NA,NA,,723,
Constant,HHY FALA,0,A5,NA,NA,NA,NA,NA,NA,NA,NA,NA,NA,NA,NA,NA,NA,NA,NA,NA,NA,NA,NA,NA,NA,NA,NA,NA,NA,NA,NA,NA,NA,NA,,
Constant,HHY FALA,0,HSP6,NA,NA,NA,NA,NA,NA,NA,NA,NA,NA,NA,NA,NA,NA,NA,NA,NA,NA,NA,NA,NA,NA,NA,NA,NA,NA,NA,NA,NA,NA,NA,,
Constant,HHY FALA,0,T8,NA,NA,NA,NA,NA,NA,NA,NA,NA,NA,NA,NA,NA,NA,NA,NA,NA,NA,NA,NA,NA,NA,NA,NA,NA,NA,NA,NA,2.215,1.863,NA,,
Constant,HHY FALA,1,A5,NA,NA,NA,NA,NA,NA,NA,NA,NA,NA,NA,NA,NA,NA,NA,NA,NA,NA,NA,NA,NA,NA,NA,NA,NA,NA,NA,NA,NA,NA,NA,,
Constant,HHY FALA,1,HSP6,NA,NA,NA,NA,NA,NA,NA,NA,NA,NA,NA,NA,NA,NA,NA,NA,NA,NA,NA,NA,NA,NA,NA,NA,NA,NA,NA,NA,NA,NA,NA,,
Constant,HHY FALA,1,T8,NA,NA,NA,NA,NA,NA,NA,NA,NA,NA,NA,NA,NA,NA,NA,NA,NA,NA,NA,NA,NA,NA,NA,NA,NA,NA,NA,NA,2.795,11.753,NA,,
Constant,HHY FALA,2,A5,NA,NA,NA,NA,NA,NA,NA,NA,NA,NA,NA,NA,NA,NA,NA,NA,NA,NA,NA,NA,NA,NA,NA,NA,NA,NA,NA,NA,NA,NA,NA,,
Constant,HHY FALA,2,HSP6,NA,NA,NA,NA,NA,NA,NA,NA,NA,NA,NA,NA,NA,NA,NA,NA,NA,NA,NA,NA,NA,NA,NA,NA,NA,NA,NA,NA,NA,NA,NA,,
Constant,HHY FALA,2,T8,NA,NA,NA,NA,NA,NA,NA,NA,NA,NA,NA,NA,NA,NA,NA,NA,NA,NA,NA,NA,NA,NA,NA,NA,NA,NA,NA,NA,2.835,11.097,NA,,
Constant,HHY FALA,3,A5,NA,NA,NA,NA,NA,NA,NA,NA,NA,NA,NA,NA,NA,NA,NA,NA,NA,NA,NA,NA,NA,NA,NA,NA,NA,NA,NA,NA,NA,NA,NA,,
Constant,HHY FALA,3,HSP6,NA,NA,NA,NA,NA,NA,NA,NA,NA,NA,NA,NA,NA,NA,NA,NA,NA,NA,NA,NA,NA,NA,NA,NA,NA,NA,NA,NA,NA,NA,NA,,
Constant,HHY FALA,3,T8,NA,NA,NA,NA,NA,NA,NA,NA,NA,NA,NA,NA,NA,NA,NA,NA,NA,NA,NA,NA,NA,NA,NA,NA,NA,NA,NA,NA,4.178,19.922,NA,,
Constant,VH1 FALA,0,A5,NA,NA,NA,NA,NA,NA,NA,NA,NA,NA,NA,NA,NA,NA,NA,NA,NA,NA,NA,NA,NA,NA,NA,NA,NA,NA,NA,NA,2.344,0.823,NA,,
Constant,VH1 FALA,0,HSP6,NA,NA,NA,NA,NA,NA,NA,NA,NA,NA,NA,NA,NA,NA,NA,NA,NA,NA,NA,NA,NA,NA,NA,NA,NA,NA,NA,NA,2.639,0.719,NA,,
Constant,VH1 FALA,0,T8,NA,NA,NA,NA,NA,NA,NA,NA,NA,NA,NA,NA,NA,NA,NA,NA,NA,NA,NA,NA,NA,NA,NA,NA,NA,NA,NA,NA,3.099,0.93,NA,,
Constant,VH1 FALA,1,A5,NA,NA,NA,NA,NA,NA,NA,NA,NA,NA,NA,NA,NA,NA,NA,NA,NA,NA,NA,NA,NA,NA,NA,NA,NA,NA,NA,NA,3.151,0.241,NA,,
Constant,VH1 FALA,1,HSP6,NA,NA,NA,NA,NA,NA,NA,NA,NA,NA,NA,NA,NA,NA,NA,NA,NA,NA,NA,NA,NA,NA,NA,NA,NA,NA,NA,NA,3.435,1.167,NA,,
Constant,VH1 FALA,1,T8,NA,NA,NA,NA,NA,NA,NA,NA,NA,NA,NA,NA,NA,NA,NA,NA,NA,NA,NA,NA,NA,NA,NA,NA,NA,NA,NA,NA,3.482,5.647,NA,,
Constant,VH1 FALA,2,A5,NA,NA,NA,NA,NA,NA,NA,NA,NA,NA,NA,NA,NA,NA,NA,NA,NA,NA,NA,NA,NA,NA,NA,NA,NA,NA,NA,NA,3.289,0.537,NA,,
Constant,VH1 FALA,2,HSP6,NA,NA,NA,NA,NA,NA,NA,NA,NA,NA,NA,NA,NA,NA,NA,NA,NA,NA,NA,NA,NA,NA,NA,NA,NA,NA,NA,NA,3.747,1.688,NA,,
Constant,VH1 FALA,2,T8,NA,NA,NA,NA,NA,NA,NA,NA,NA,NA,NA,NA,NA,NA,NA,NA,NA,NA,NA,NA,NA,NA,NA,NA,NA,NA,NA,NA,4.838,10.525,NA,,
Constant,VH1 FALA,3,A5,NA,NA,NA,NA,NA,NA,NA,NA,NA,NA,NA,NA,NA,NA,NA,NA,NA,NA,NA,NA,NA,NA,NA,NA,NA,NA,NA,NA,3.914,1.334,NA,,
Constant,VH1 FALA,3,HSP6,NA,NA,NA,NA,NA,NA,NA,NA,NA,NA,NA,NA,NA,NA,NA,NA,NA,NA,NA,NA,NA,NA,NA,NA,NA,NA,NA,NA,3.586,2.128,NA,,
Constant,VH1 FALA,3,T8,NA,NA,NA,NA,NA,NA,NA,NA,NA,NA,NA,NA,NA,NA,NA,NA,NA,NA,NA,NA,NA,NA,NA,NA,NA,NA,NA,NA,5.113,17.095,NA,,
Constant,VH1 LALA,0,A5,NA,NA,NA,NA,NA,NA,NA,NA,NA,NA,NA,NA,NA,NA,NA,NA,NA,NA,NA,NA,NA,NA,NA,NA,NA,NA,NA,NA,2.909,1.495,NA,,
Constant,VH1 LALA,0,HSP6,NA,NA,NA,NA,NA,NA,NA,NA,NA,NA,NA,NA,NA,NA,NA,NA,NA,NA,NA,NA,NA,NA,NA,NA,NA,NA,NA,NA,2.841,1.422,NA,,
Constant,VH1 LALA,0,T8,NA,NA,NA,NA,NA,NA,NA,NA,NA,NA,NA,NA,NA,NA,NA,NA,NA,NA,NA,NA,NA,NA,NA,NA,NA,NA,NA,NA,3.037,2.342,NA,,
Constant,VH1 LALA,1,A5,NA,NA,NA,NA,NA,NA,NA,NA,NA,NA,NA,NA,NA,NA,NA,NA,NA,NA,NA,NA,NA,NA,NA,NA,NA,NA,NA,NA,3.479,1.841,NA,,
Constant,VH1 LALA,1,HSP6,NA,NA,NA,NA,NA,NA,NA,NA,NA,NA,NA,NA,NA,NA,NA,NA,NA,NA,NA,NA,NA,NA,NA,NA,NA,NA,NA,NA,3.294,2.145,NA,,
Constant,VH1 LALA,1,T8,NA,NA,NA,NA,NA,NA,NA,NA,NA,NA,NA,NA,NA,NA,NA,NA,NA,NA,NA,NA,NA,NA,NA,NA,NA,NA,NA,NA,3.794,10.069,NA,,
Constant,VH1 LALA,2,A5,NA,NA,NA,NA,NA,NA,NA,NA,NA,NA,NA,NA,NA,NA,NA,NA,NA,NA,NA,NA,NA,NA,NA,NA,NA,NA,NA,NA,3.799,1.872,NA,,
Constant,VH1 LALA,2,HSP6,NA,NA,NA,NA,NA,NA,NA,NA,NA,NA,NA,NA,NA,NA,NA,NA,NA,NA,NA,NA,NA,NA,NA,NA,NA,NA,NA,NA,3.727,2.724,NA,,
Constant,VH1 LALA,2,T8,NA,NA,NA,NA,NA,NA,NA,NA,NA,NA,NA,NA,NA,NA,NA,NA,NA,NA,NA,NA,NA,NA,NA,NA,NA,NA,NA,NA,5.033,17.302,NA,,
Constant,VH1 LALA,3,A5,NA,NA,NA,NA,NA,NA,NA,NA,NA,NA,NA,NA,NA,NA,NA,NA,NA,NA,NA,NA,NA,NA,NA,NA,NA,NA,NA,NA,4.02,2.192,NA,,
Constant,VH1 LALA,3,HSP6,NA,NA,NA,NA,NA,NA,NA,NA,NA,NA,NA,NA,NA,NA,NA,NA,NA,NA,NA,NA,NA,NA,NA,NA,NA,NA,NA,NA,3.911,3.493,NA,,
Constant,VH1 LALA,3,T8,NA,NA,NA,NA,NA,NA,NA,NA,NA,NA,NA,NA,NA,NA,NA,NA,NA,NA,NA,NA,NA,NA,NA,NA,NA,NA,NA,NA,5.744,24.433,NA,,
Constant,VH1 NNSA,0,A5,NA,NA,NA,NA,NA,NA,NA,NA,NA,NA,NA,NA,NA,NA,NA,NA,NA,NA,NA,NA,NA,NA,NA,NA,NA,NA,NA,NA,2.495,1.209,NA,,
Constant,VH1 NNSA,0,HSP6,NA,NA,NA,NA,NA,NA,NA,NA,NA,NA,NA,NA,NA,NA,NA,NA,NA,NA,NA,NA,NA,NA,NA,NA,NA,NA,NA,NA,2.273,1.38,NA,,
Constant,VH1 NNSA,0,T8,NA,NA,NA,NA,NA,NA,NA,NA,NA,NA,NA,NA,NA,NA,NA,NA,NA,NA,NA,NA,NA,NA,NA,NA,NA,NA,NA,NA,2.322,1.996,NA,,
Constant,VH1 NNSA,1,A5,NA,NA,NA,NA,NA,NA,NA,NA,NA,NA,NA,NA,NA,NA,NA,NA,NA,NA,NA,NA,NA,NA,NA,NA,NA,NA,NA,NA,3.146,1.367,NA,,
Constant,VH1 NNSA,1,HSP6,NA,NA,NA,NA,NA,NA,NA,NA,NA,NA,NA,NA,NA,NA,NA,NA,NA,NA,NA,NA,NA,NA,NA,NA,NA,NA,NA,NA,3.245,1.501,NA,,
Constant,VH1 NNSA,1,T8,NA,NA,NA,NA,NA,NA,NA,NA,NA,NA,NA,NA,NA,NA,NA,NA,NA,NA,NA,NA,NA,NA,NA,NA,NA,NA,NA,NA,0,0,NA,,
Constant,VH1 NNSA,2,A5,NA,NA,NA,NA,NA,NA,NA,NA,NA,NA,NA,NA,NA,NA,NA,NA,NA,NA,NA,NA,NA,NA,NA,NA,NA,NA,NA,NA,3.676,1.421,NA,,
Constant,VH1 NNSA,2,HSP6,NA,NA,NA,NA,NA,NA,NA,NA,NA,NA,NA,NA,NA,NA,NA,NA,NA,NA,NA,NA,NA,NA,NA,NA,NA,NA,NA,NA,5.462,2.054,NA,,
Constant,VH1 NNSA,2,T8,NA,NA,NA,NA,NA,NA,NA,NA,NA,NA,NA,NA,NA,NA,NA,NA,NA,NA,NA,NA,NA,NA,NA,NA,NA,NA,NA,NA,4.22,14.569,NA,,
Constant,VH1 NNSA,3,A5,NA,NA,NA,NA,NA,NA,NA,NA,NA,NA,NA,NA,NA,NA,NA,NA,NA,NA,NA,NA,NA,NA,NA,NA,NA,NA,NA,NA,4.488,1.562,NA,,
Constant,VH1 NNSA,3,HSP6,NA,NA,NA,NA,NA,NA,NA,NA,NA,NA,NA,NA,NA,NA,NA,NA,NA,NA,NA,NA,NA,NA,NA,NA,NA,NA,NA,NA,4.396,2.718,NA,,
Constant,VH1 NNSA,3,T8,NA,NA,NA,NA,NA,NA,NA,NA,NA,NA,NA,NA,NA,NA,NA,NA,NA,NA,NA,NA,NA,NA,NA,NA,NA,NA,NA,NA,5.173,21.016,NA,,
